[{"model": "admin.logentry", "pk": 1, "fields": {"action_time": "2023-07-02T05:57:08.701", "user": 1, "content_type": 6, "object_id": "1", "object_repr": "various-product", "action_flag": 1, "change_message": "[{\"added\": {}}]"}}, {"model": "admin.logentry", "pk": 2, "fields": {"action_time": "2023-07-02T05:57:49.710", "user": 1, "content_type": 6, "object_id": "1", "object_repr": "various-product", "action_flag": 2, "change_message": "[{\"changed\": {\"fields\": [\"\\u0645\\u062a\\u0646 \\u06a9\\u0648\\u062a\\u0627\\u0647 \\u0627\\u0633\\u0644\\u0627\\u06cc\\u062f\\u0631\"]}}]"}}, {"model": "admin.logentry", "pk": 3, "fields": {"action_time": "2023-07-02T05:59:57.210", "user": 1, "content_type": 6, "object_id": "2", "object_repr": "various-prices", "action_flag": 1, "change_message": "[{\"added\": {}}]"}}, {"model": "admin.logentry", "pk": 4, "fields": {"action_time": "2023-07-02T06:01:26.927", "user": 1, "content_type": 9, "object_id": "1", "object_repr": "پاک", "action_flag": 1, "change_message": "[{\"added\": {}}]"}}, {"model": "admin.logentry", "pk": 5, "fields": {"action_time": "2023-07-02T06:02:01.044", "user": 1, "content_type": 9, "object_id": "2", "object_repr": "یک و یک", "action_flag": 1, "change_message": "[{\"added\": {}}]"}}, {"model": "admin.logentry", "pk": 6, "fields": {"action_time": "2023-07-02T06:02:23.243", "user": 1, "content_type": 9, "object_id": "3", "object_repr": "بیژن", "action_flag": 1, "change_message": "[{\"added\": {}}]"}}, {"model": "admin.logentry", "pk": 7, "fields": {"action_time": "2023-07-02T06:02:49.980", "user": 1, "content_type": 9, "object_id": "4", "object_repr": "واله", "action_flag": 1, "change_message": "[{\"added\": {}}]"}}, {"model": "admin.logentry", "pk": 8, "fields": {"action_time": "2023-07-02T06:03:14.065", "user": 1, "content_type": 9, "object_id": "5", "object_repr": "میهن", "action_flag": 1, "change_message": "[{\"added\": {}}]"}}, {"model": "admin.logentry", "pk": 9, "fields": {"action_time": "2023-07-02T06:03:40.375", "user": 1, "content_type": 9, "object_id": "6", "object_repr": "مهرام", "action_flag": 1, "change_message": "[{\"added\": {}}]"}}, {"model": "admin.logentry", "pk": 10, "fields": {"action_time": "2023-07-02T06:04:19.024", "user": 1, "content_type": 20, "object_id": "1", "object_repr": "پرداخت بانکی", "action_flag": 1, "change_message": "[{\"added\": {}}]"}}, {"model": "admin.logentry", "pk": 11, "fields": {"action_time": "2023-07-02T06:04:31.056", "user": 1, "content_type": 20, "object_id": "2", "object_repr": "پرداخت در محل", "action_flag": 1, "change_message": "[{\"added\": {}}]"}}, {"model": "admin.logentry", "pk": 12, "fields": {"action_time": "2023-07-02T06:06:13.560", "user": 1, "content_type": 22, "object_id": "1", "object_repr": "شنبه ۱ مرداد ساعت ۹:۰۰ - ۱۲:۰۰", "action_flag": 1, "change_message": "[{\"added\": {}}]"}}, {"model": "admin.logentry", "pk": 13, "fields": {"action_time": "2023-07-02T06:06:34.071", "user": 1, "content_type": 22, "object_id": "2", "object_repr": "شنبه ۱ مرداد ساعت ۱۳:۰۰ - ۱۶:۰۰", "action_flag": 1, "change_message": "[{\"added\": {}}]"}}, {"model": "admin.logentry", "pk": 14, "fields": {"action_time": "2023-07-02T06:07:02.235", "user": 1, "content_type": 22, "object_id": "3", "object_repr": "یکشنبه ۲ مرداد ساعت ۹:۰۰ - ۱۲:۰۰", "action_flag": 1, "change_message": "[{\"added\": {}}]"}}, {"model": "admin.logentry", "pk": 15, "fields": {"action_time": "2023-07-02T06:07:22.041", "user": 1, "content_type": 22, "object_id": "4", "object_repr": "یکشنبه ۲ مرداد ساعت ۱۳:۰۰ - ۱۶:۰۰", "action_flag": 1, "change_message": "[{\"added\": {}}]"}}, {"model": "admin.logentry", "pk": 16, "fields": {"action_time": "2023-07-02T06:07:38.858", "user": 1, "content_type": 22, "object_id": "5", "object_repr": "دوشنبه ۳ مرداد ساعت ۹:۰۰ - ۱۲:۰۰", "action_flag": 1, "change_message": "[{\"added\": {}}]"}}, {"model": "admin.logentry", "pk": 17, "fields": {"action_time": "2023-07-02T06:07:50.722", "user": 1, "content_type": 22, "object_id": "6", "object_repr": "دوشنبه ۳ مرداد ساعت ۱۳:۰۰ - ۱۶:۰۰", "action_flag": 1, "change_message": "[{\"added\": {}}]"}}, {"model": "admin.logentry", "pk": 18, "fields": {"action_time": "2023-07-02T06:08:09.089", "user": 1, "content_type": 22, "object_id": "7", "object_repr": "سه شنبه ۴ مرداد ساعت ۹:۰۰ - ۱۲:۰۰", "action_flag": 1, "change_message": "[{\"added\": {}}]"}}, {"model": "admin.logentry", "pk": 19, "fields": {"action_time": "2023-07-02T06:08:26.006", "user": 1, "content_type": 22, "object_id": "8", "object_repr": "سه شنبه ۴ مرداد ساعت ۱۳:۰۰ - ۱۶:۰۰", "action_flag": 1, "change_message": "[{\"added\": {}}]"}}, {"model": "admin.logentry", "pk": 20, "fields": {"action_time": "2023-07-02T06:08:46.572", "user": 1, "content_type": 22, "object_id": "9", "object_repr": "چهارشنبه ۵ مرداد ساعت ۹:۰۰ - ۱۲:۰۰", "action_flag": 1, "change_message": "[{\"added\": {}}]"}}, {"model": "admin.logentry", "pk": 21, "fields": {"action_time": "2023-07-02T06:09:02.600", "user": 1, "content_type": 22, "object_id": "10", "object_repr": "چهارشنبه ۵ مرداد ساعت ۱۳:۰۰ - ۱۶:۰۰", "action_flag": 1, "change_message": "[{\"added\": {}}]"}}, {"model": "admin.logentry", "pk": 22, "fields": {"action_time": "2023-07-02T06:09:19.366", "user": 1, "content_type": 22, "object_id": "11", "object_repr": "پنجشنبه ۶ مرداد ساعت ۹:۰۰ - ۱۲:۰۰", "action_flag": 1, "change_message": "[{\"added\": {}}]"}}, {"model": "admin.logentry", "pk": 23, "fields": {"action_time": "2023-07-02T06:09:31.910", "user": 1, "content_type": 22, "object_id": "12", "object_repr": "پنجشنبه ۶ مرداد ساعت ۱۳:۰۰ - ۱۶:۰۰", "action_flag": 1, "change_message": "[{\"added\": {}}]"}}, {"model": "admin.logentry", "pk": 24, "fields": {"action_time": "2023-07-02T06:10:01.479", "user": 1, "content_type": 22, "object_id": "13", "object_repr": "جمعه ۷ مرداد ساعت ۱۳:۰۰ - ۱۸:۰۰", "action_flag": 1, "change_message": "[{\"added\": {}}]"}}, {"model": "admin.logentry", "pk": 25, "fields": {"action_time": "2023-07-02T06:10:24.452", "user": 1, "content_type": 31, "object_id": "1", "object_repr": "آموزشی", "action_flag": 1, "change_message": "[{\"added\": {}}]"}}, {"model": "admin.logentry", "pk": 26, "fields": {"action_time": "2023-07-02T06:10:30.960", "user": 1, "content_type": 31, "object_id": "2", "object_repr": "علمی", "action_flag": 1, "change_message": "[{\"added\": {}}]"}}, {"model": "admin.logentry", "pk": 27, "fields": {"action_time": "2023-07-02T06:10:48.546", "user": 1, "content_type": 31, "object_id": "3", "object_repr": "اطلاع رسانی", "action_flag": 1, "change_message": "[{\"added\": {}}]"}}, {"model": "admin.logentry", "pk": 28, "fields": {"action_time": "2023-07-02T06:11:50.531", "user": 1, "content_type": 29, "object_id": "1", "object_repr": "حمید عزیزان", "action_flag": 1, "change_message": "[{\"added\": {}}]"}}, {"model": "admin.logentry", "pk": 29, "fields": {"action_time": "2023-07-02T06:12:26.251", "user": 1, "content_type": 29, "object_id": "2", "object_repr": "فاطمه متولی", "action_flag": 1, "change_message": "[{\"added\": {}}]"}}, {"model": "admin.logentry", "pk": 30, "fields": {"action_time": "2023-07-02T06:17:59.318", "user": 1, "content_type": 30, "object_id": "1", "object_repr": "انواع ماست", "action_flag": 1, "change_message": "[{\"added\": {}}, {\"added\": {\"name\": \"\\u06a9\\u0644\\u06cc\\u062f \\u0648\\u0627\\u0698\\u0647\", \"object\": \"\\u0645\\u0627\\u0633\\u062a\"}}, {\"added\": {\"name\": \"\\u06a9\\u0644\\u06cc\\u062f \\u0648\\u0627\\u0698\\u0647\", \"object\": \"\\u0645\\u0627\\u0633\\u062a \\u067e\\u0631\\u0686\\u0631\\u0628\"}}, {\"added\": {\"name\": \"\\u06a9\\u0644\\u06cc\\u062f \\u0648\\u0627\\u0698\\u0647\", \"object\": \"\\u0645\\u0627\\u0633\\u062a \\u06a9\\u0645 \\u0686\\u0631\\u0628\"}}, {\"added\": {\"name\": \"\\u06a9\\u0644\\u06cc\\u062f \\u0648\\u0627\\u0698\\u0647\", \"object\": \"\\u0645\\u0627\\u0633\\u062a \\u0645\\u062d\\u0644\\u06cc\"}}, {\"added\": {\"name\": \"\\u06a9\\u0644\\u06cc\\u062f \\u0648\\u0627\\u0698\\u0647\", \"object\": \"\\u0645\\u0627\\u0633\\u062a \\u067e\\u0627\\u0633\\u062a\\u0648\\u0631\\u06cc\\u0632\\u0647\"}}, {\"added\": {\"name\": \"\\u06af\\u0627\\u0644\\u0631\\u06cc \\u0645\\u0642\\u0627\\u0644\\u0647\", \"object\": \"various-yugerts\"}}, {\"added\": {\"name\": \"\\u06af\\u0627\\u0644\\u0631\\u06cc \\u0645\\u0642\\u0627\\u0644\\u0647\", \"object\": \"various-yugerts\"}}, {\"added\": {\"name\": \"\\u06af\\u0627\\u0644\\u0631\\u06cc \\u0645\\u0642\\u0627\\u0644\\u0647\", \"object\": \"various-yugerts\"}}, {\"added\": {\"name\": \"\\u06af\\u0627\\u0644\\u0631\\u06cc \\u0645\\u0642\\u0627\\u0644\\u0647\", \"object\": \"various-yugerts\"}}]"}}, {"model": "admin.logentry", "pk": 31, "fields": {"action_time": "2023-07-02T06:21:49.158", "user": 1, "content_type": 30, "object_id": "2", "object_repr": "انواع نان", "action_flag": 1, "change_message": "[{\"added\": {}}, {\"added\": {\"name\": \"\\u06a9\\u0644\\u06cc\\u062f \\u0648\\u0627\\u0698\\u0647\", \"object\": \"\\u0646\\u0627\\u0646\"}}, {\"added\": {\"name\": \"\\u06a9\\u0644\\u06cc\\u062f \\u0648\\u0627\\u0698\\u0647\", \"object\": \"\\u0646\\u0627\\u0646 \\u0645\\u062d\\u0644\\u06cc\"}}, {\"added\": {\"name\": \"\\u06a9\\u0644\\u06cc\\u062f \\u0648\\u0627\\u0698\\u0647\", \"object\": \"\\u0646\\u0627\\u0646 \\u0633\\u0646\\u06af\\u06a9\"}}, {\"added\": {\"name\": \"\\u06a9\\u0644\\u06cc\\u062f \\u0648\\u0627\\u0698\\u0647\", \"object\": \"\\u0646\\u0627\\u0646 \\u0628\\u0631\\u0628\\u0631\\u06cc\"}}, {\"added\": {\"name\": \"\\u06a9\\u0644\\u06cc\\u062f \\u0648\\u0627\\u0698\\u0647\", \"object\": \"\\u0646\\u0627\\u0646 \\u062a\\u0627\\u0641\\u062a\\u0648\\u0646\"}}, {\"added\": {\"name\": \"\\u06af\\u0627\\u0644\\u0631\\u06cc \\u0645\\u0642\\u0627\\u0644\\u0647\", \"object\": \"various-breads\"}}, {\"added\": {\"name\": \"\\u06af\\u0627\\u0644\\u0631\\u06cc \\u0645\\u0642\\u0627\\u0644\\u0647\", \"object\": \"various-breads\"}}, {\"added\": {\"name\": \"\\u06af\\u0627\\u0644\\u0631\\u06cc \\u0645\\u0642\\u0627\\u0644\\u0647\", \"object\": \"various-breads\"}}, {\"added\": {\"name\": \"\\u06af\\u0627\\u0644\\u0631\\u06cc \\u0645\\u0642\\u0627\\u0644\\u0647\", \"object\": \"various-breads\"}}]"}}, {"model": "admin.logentry", "pk": 32, "fields": {"action_time": "2023-07-02T06:30:53.408", "user": 1, "content_type": 35, "object_id": "1", "object_repr": "انواع ماست - لورم ایپسوم متن ساختگی با تولید سادگی نامفهوم از صنعت چاپ، و با استفاده از طراحان گرافیک است، چاپگرها و متون بلکه روزنامه و مجله در ستون و سطرآنچنان که لازم است، و برای شرایط فعلی تکنولوژ", "action_flag": 2, "change_message": "[{\"changed\": {\"fields\": [\"\\u0648\\u0636\\u0639\\u06cc\\u062a \\u0646\\u0638\\u0631\"]}}]"}}, {"model": "admin.logentry", "pk": 33, "fields": {"action_time": "2023-07-02T06:30:53.415", "user": 1, "content_type": 35, "object_id": "2", "object_repr": "انواع نان - لورم ایپسوم متن ساختگی با تولید سادگی نامفهوم از صنعت چاپ، و با استفاده از طراحان گرافیک است، چاپگرها و متون بلکه روزنامه و مجله در ستون و سطرآنچنان که لازم است، و برای شرایط فعلی تکنولوژی", "action_flag": 2, "change_message": "[{\"changed\": {\"fields\": [\"\\u0648\\u0636\\u0639\\u06cc\\u062a \\u0646\\u0638\\u0631\"]}}]"}}, {"model": "admin.logentry", "pk": 34, "fields": {"action_time": "2023-07-02T06:37:05.298", "user": 1, "content_type": 13, "object_id": "1", "object_repr": "خوراکی", "action_flag": 1, "change_message": "[{\"added\": {}}, {\"added\": {\"name\": \"\\u06af\\u0631\\u0648\\u0647 \\u0645\\u062d\\u0635\\u0648\\u0644\", \"object\": \"\\u0646\\u0627\\u0646\"}}, {\"added\": {\"name\": \"\\u06af\\u0631\\u0648\\u0647 \\u0645\\u062d\\u0635\\u0648\\u0644\", \"object\": \"\\u0645\\u0627\\u0633\\u062a\"}}]"}}, {"model": "admin.logentry", "pk": 35, "fields": {"action_time": "2023-07-02T06:41:32.903", "user": 1, "content_type": 13, "object_id": "4", "object_repr": "نوشیدنی", "action_flag": 1, "change_message": "[{\"added\": {}}, {\"added\": {\"name\": \"\\u06af\\u0631\\u0648\\u0647 \\u0645\\u062d\\u0635\\u0648\\u0644\", \"object\": \"\\u0646\\u0648\\u0634\\u0627\\u0628\\u0647\"}}, {\"added\": {\"name\": \"\\u06af\\u0631\\u0648\\u0647 \\u0645\\u062d\\u0635\\u0648\\u0644\", \"object\": \"\\u0634\\u06cc\\u0631\"}}]"}}, {"model": "admin.logentry", "pk": 36, "fields": {"action_time": "2023-07-02T06:41:44.888", "user": 1, "content_type": 13, "object_id": "6", "object_repr": "شیر", "action_flag": 2, "change_message": "[{\"changed\": {\"fields\": [\"\\u0648\\u0636\\u0639\\u06cc\\u062a \\u06af\\u0631\\u0648\\u0647\"]}}]"}}, {"model": "admin.logentry", "pk": 37, "fields": {"action_time": "2023-07-02T06:41:44.891", "user": 1, "content_type": 13, "object_id": "5", "object_repr": "نوشابه", "action_flag": 2, "change_message": "[{\"changed\": {\"fields\": [\"\\u0648\\u0636\\u0639\\u06cc\\u062a \\u06af\\u0631\\u0648\\u0647\"]}}]"}}, {"model": "admin.logentry", "pk": 38, "fields": {"action_time": "2023-07-02T06:43:42.805", "user": 1, "content_type": 13, "object_id": "7", "object_repr": "مصرفی", "action_flag": 1, "change_message": "[{\"added\": {}}, {\"added\": {\"name\": \"\\u06af\\u0631\\u0648\\u0647 \\u0645\\u062d\\u0635\\u0648\\u0644\", \"object\": \"\\u0633\\u06cc\\u06af\\u0627\\u0631\"}}, {\"added\": {\"name\": \"\\u06af\\u0631\\u0648\\u0647 \\u0645\\u062d\\u0635\\u0648\\u0644\", \"object\": \"\\u067e\\u0644\\u0627\\u0633\\u062a\\u06cc\\u06a9\"}}]"}}, {"model": "admin.logentry", "pk": 39, "fields": {"action_time": "2023-07-02T06:45:16.760", "user": 1, "content_type": 10, "object_id": "1", "object_repr": "پاستوریزه", "action_flag": 1, "change_message": "[{\"added\": {}}, {\"added\": {\"name\": \"\\u0645\\u0642\\u062f\\u0627\\u0631 \\u0648\\u06cc\\u0698\\u06af\\u06cc\", \"object\": \"\\u067e\\u0627\\u0633\\u062a\\u0648\\u0631\\u06cc\\u0632\\u0647\"}}]"}}, {"model": "admin.logentry", "pk": 40, "fields": {"action_time": "2023-07-02T06:46:35.550", "user": 1, "content_type": 10, "object_id": "2", "object_repr": "چربی", "action_flag": 1, "change_message": "[{\"added\": {}}, {\"added\": {\"name\": \"\\u0645\\u0642\\u062f\\u0627\\u0631 \\u0648\\u06cc\\u0698\\u06af\\u06cc\", \"object\": \"\\u06a9\\u0645 \\u0686\\u0631\\u0628\"}}, {\"added\": {\"name\": \"\\u0645\\u0642\\u062f\\u0627\\u0631 \\u0648\\u06cc\\u0698\\u06af\\u06cc\", \"object\": \"\\u067e\\u0631\\u0686\\u0631\\u0628\"}}]"}}, {"model": "admin.logentry", "pk": 41, "fields": {"action_time": "2023-07-02T06:47:05.787", "user": 1, "content_type": 10, "object_id": "1", "object_repr": "نوع", "action_flag": 2, "change_message": "[{\"changed\": {\"fields\": [\"\\u0646\\u0627\\u0645 \\u0648\\u06cc\\u0698\\u06af\\u06cc\", \"\\u0634\\u0646\\u0627\\u0633\\u0647 \\u0648\\u06cc\\u0698\\u06af\\u06cc\", \"\\u06af\\u0631\\u0648\\u0647 \\u06a9\\u0627\\u0644\\u0627\"]}}, {\"added\": {\"name\": \"\\u0645\\u0642\\u062f\\u0627\\u0631 \\u0648\\u06cc\\u0698\\u06af\\u06cc\", \"object\": \"\\u0645\\u062d\\u0644\\u06cc\"}}]"}}, {"model": "admin.logentry", "pk": 42, "fields": {"action_time": "2023-07-02T06:48:34.077", "user": 1, "content_type": 10, "object_id": "3", "object_repr": "نوع", "action_flag": 1, "change_message": "[{\"added\": {}}, {\"added\": {\"name\": \"\\u0645\\u0642\\u062f\\u0627\\u0631 \\u0648\\u06cc\\u0698\\u06af\\u06cc\", \"object\": \"\\u0632\\u0631\\u062f\"}}, {\"added\": {\"name\": \"\\u0645\\u0642\\u062f\\u0627\\u0631 \\u0648\\u06cc\\u0698\\u06af\\u06cc\", \"object\": \"\\u0645\\u0634\\u06a9\\u06cc\"}}]"}}, {"model": "admin.logentry", "pk": 43, "fields": {"action_time": "2023-07-02T06:48:58.755", "user": 1, "content_type": 10, "object_id": "1", "object_repr": "نوع", "action_flag": 2, "change_message": "[{\"changed\": {\"fields\": [\"\\u0634\\u0646\\u0627\\u0633\\u0647 \\u0648\\u06cc\\u0698\\u06af\\u06cc\"]}}]"}}, {"model": "admin.logentry", "pk": 44, "fields": {"action_time": "2023-07-02T06:55:21.104", "user": 1, "content_type": 12, "object_id": "1", "object_repr": "شیر پاک نوع ۱", "action_flag": 1, "change_message": "[{\"added\": {}}, {\"added\": {\"name\": \"\\u0648\\u06cc\\u0698\\u06af\\u06cc \\u0645\\u062d\\u0635\\u0648\\u0644\", \"object\": \"\\u0646\\u0648\\u0639\"}}, {\"added\": {\"name\": \"\\u0648\\u06cc\\u0698\\u06af\\u06cc \\u0645\\u062d\\u0635\\u0648\\u0644\", \"object\": \"\\u0686\\u0631\\u0628\\u06cc\"}}, {\"added\": {\"name\": \"\\u062a\\u0635\\u0648\\u06cc\\u0631 \\u0645\\u062d\\u0635\\u0648\\u0644\", \"object\": \"images/product_gallary/0df1db34070c6347bdb546de5a4ee31b9b28eba5_161357175939daba61-a952-_rJe1LVL.jpg\"}}, {\"added\": {\"name\": \"\\u062a\\u0635\\u0648\\u06cc\\u0631 \\u0645\\u062d\\u0635\\u0648\\u0644\", \"object\": \"images/product_gallary/5cea6bf32af25af8b84c7cd5aba83802a52c00b8_1613571762d44d72cd-cd71-_I6Z9kWZ.jpg\"}}]"}}, {"model": "admin.logentry", "pk": 45, "fields": {"action_time": "2023-07-02T07:01:15.704", "user": 1, "content_type": 12, "object_id": "2", "object_repr": "شیر محلی طراوت  نوع ۱", "action_flag": 1, "change_message": "[{\"added\": {}}, {\"added\": {\"name\": \"\\u0648\\u06cc\\u0698\\u06af\\u06cc \\u0645\\u062d\\u0635\\u0648\\u0644\", \"object\": \"\\u0646\\u0648\\u0639\"}}, {\"added\": {\"name\": \"\\u062a\\u0635\\u0648\\u06cc\\u0631 \\u0645\\u062d\\u0635\\u0648\\u0644\", \"object\": \"images/product_gallary/8ea2c11047598ad9455dd2514c4ace97a5eca18e_16246946144b17db89-e1fd-_8F6E5vb.jpg\"}}, {\"added\": {\"name\": \"\\u062a\\u0635\\u0648\\u06cc\\u0631 \\u0645\\u062d\\u0635\\u0648\\u0644\", \"object\": \"images/product_gallary/4c35effca4ab8063f4b12222d66b4af7a6bb20ec_1624694611f271edf5-a169-_sYvnwbf.jpg\"}}]"}}, {"model": "admin.logentry", "pk": 46, "fields": {"action_time": "2023-07-02T07:02:14.150", "user": 1, "content_type": 9, "object_id": "4", "object_repr": "طراوت", "action_flag": 2, "change_message": "[{\"changed\": {\"fields\": [\"\\u0646\\u0627\\u0645 \\u0628\\u0631\\u0646\\u062f\", \"Brand slug\", \"\\u062a\\u0635\\u0648\\u06cc\\u0631 \\u0628\\u0631\\u0646\\u062f\"]}}]"}}, {"model": "admin.logentry", "pk": 47, "fields": {"action_time": "2023-07-02T07:02:28.832", "user": 1, "content_type": 12, "object_id": "2", "object_repr": "شیر محلی طراوت  نوع ۱", "action_flag": 2, "change_message": "[]"}}, {"model": "admin.logentry", "pk": 48, "fields": {"action_time": "2023-07-02T07:04:51.988", "user": 1, "content_type": 27, "object_id": "1", "object_repr": "خرید", "action_flag": 1, "change_message": "[{\"added\": {}}]"}}, {"model": "admin.logentry", "pk": 49, "fields": {"action_time": "2023-07-02T07:04:57.300", "user": 1, "content_type": 27, "object_id": "2", "object_repr": "فروش", "action_flag": 1, "change_message": "[{\"added\": {}}]"}}, {"model": "admin.logentry", "pk": 50, "fields": {"action_time": "2023-07-02T07:05:36.209", "user": 1, "content_type": 28, "object_id": "1", "object_repr": "خرید \t شیر پاک نوع ۱", "action_flag": 1, "change_message": "[{\"added\": {}}]"}}, {"model": "admin.logentry", "pk": 51, "fields": {"action_time": "2023-07-02T07:06:02.891", "user": 1, "content_type": 28, "object_id": "2", "object_repr": "خرید \t شیر محلی طراوت  نوع ۱", "action_flag": 1, "change_message": "[{\"added\": {}}]"}}, {"model": "admin.logentry", "pk": 52, "fields": {"action_time": "2023-07-02T07:13:02.027", "user": 1, "content_type": 12, "object_id": "3", "object_repr": "ماست میهن نوع ۱", "action_flag": 1, "change_message": "[{\"added\": {}}, {\"added\": {\"name\": \"\\u0648\\u06cc\\u0698\\u06af\\u06cc \\u0645\\u062d\\u0635\\u0648\\u0644\", \"object\": \"\\u0646\\u0648\\u0639\"}}, {\"added\": {\"name\": \"\\u0648\\u06cc\\u0698\\u06af\\u06cc \\u0645\\u062d\\u0635\\u0648\\u0644\", \"object\": \"\\u0646\\u0648\\u0639\"}}, {\"added\": {\"name\": \"\\u062a\\u0635\\u0648\\u06cc\\u0631 \\u0645\\u062d\\u0635\\u0648\\u0644\", \"object\": \"images/product_gallary/mihan-box-t-14b91a5ef-165c-4654-94fc-8f75e17649737faae1af-c2c8-4_I6iIhb0.jpeg\"}}, {\"added\": {\"name\": \"\\u062a\\u0635\\u0648\\u06cc\\u0631 \\u0645\\u062d\\u0635\\u0648\\u0644\", \"object\": \"images/product_gallary/mihan-box-t-304408471-12b7-4954-afcc-fc52ec40b5bbc23ddce3-1594-4_5s3qXxG.jpeg\"}}]"}}, {"model": "admin.logentry", "pk": 53, "fields": {"action_time": "2023-07-02T07:16:21.288", "user": 1, "content_type": 26, "object_id": "1", "object_repr": "شیر محلی طراوت  نوع ۱ - لورم ایپسوم متن ساختگی با تولید سادگی نامفهوم از صنعت چاپ، و با استفاده از طراحان گرافیک است، چاپگرها و متون بلکه روزنامه و مجله در ستون و سطرآنچنان که لازم است، و برای شرایط ف", "action_flag": 2, "change_message": "[{\"changed\": {\"fields\": [\"\\u0627\\u062f\\u0645\\u06cc\\u0646 \\u062a\\u0627\\u06cc\\u06cc\\u062f \\u06a9\\u0646\\u0646\\u062f\\u0647\", \"\\u0648\\u0636\\u0639\\u06cc\\u062a \\u0646\\u0638\\u0631\"]}}]"}}, {"model": "admin.logentry", "pk": 54, "fields": {"action_time": "2023-07-02T07:16:27.728", "user": 1, "content_type": 26, "object_id": "2", "object_repr": "شیر محلی طراوت  نوع ۱ - لورم ایپسوم متن ساختگی با تولید سادگی نامفهوم از صنعت چاپ، و با استفاده از طراحان گرافیک است، چاپگرها و متون بلکه روزنامه و مجله در ستون و سطرآنچنان که لازم است، و برای شرایط ف", "action_flag": 2, "change_message": "[{\"changed\": {\"fields\": [\"\\u0627\\u062f\\u0645\\u06cc\\u0646 \\u062a\\u0627\\u06cc\\u06cc\\u062f \\u06a9\\u0646\\u0646\\u062f\\u0647\", \"\\u0648\\u0636\\u0639\\u06cc\\u062a \\u0646\\u0638\\u0631\"]}}]"}}, {"model": "admin.logentry", "pk": 55, "fields": {"action_time": "2023-07-02T07:17:15.381", "user": 1, "content_type": 26, "object_id": "3", "object_repr": "شیر محلی طراوت  نوع ۱ - لورم ایپسوم متن ساختگی با تولید سادگی نامفهوم از صنعت چاپ، و با استفاده از طراحان گرافیک است، چاپگرها و متون بلکه روزنامه و مجله در ستون و سطرآنچنان که لازم است، و برای شرایط ف", "action_flag": 2, "change_message": "[{\"changed\": {\"fields\": [\"\\u0648\\u0636\\u0639\\u06cc\\u062a \\u0646\\u0638\\u0631\"]}}]"}}, {"model": "admin.logentry", "pk": 56, "fields": {"action_time": "2023-07-02T07:17:15.386", "user": 1, "content_type": 26, "object_id": "4", "object_repr": "شیر محلی طراوت  نوع ۱ - لورم ایپسوم متن ساختگی با تولید سادگی نامفهوم از صنعت چاپ، و با استفاده از طراحان گرافیک است، چاپگرها و متون بلکه روزنامه و مجله در ستون و سطرآنچنان که لازم است، و برای شرایط ف", "action_flag": 2, "change_message": "[{\"changed\": {\"fields\": [\"\\u0648\\u0636\\u0639\\u06cc\\u062a \\u0646\\u0638\\u0631\"]}}]"}}, {"model": "admin.logentry", "pk": 57, "fields": {"action_time": "2023-07-02T07:21:28.789", "user": 1, "content_type": 16, "object_id": "1", "object_repr": "sum_ta_30", "action_flag": 1, "change_message": "[{\"added\": {}}]"}}, {"model": "auth.permission", "pk": 1, "fields": {"name": "Can add log entry", "content_type": 1, "codename": "add_logentry"}}, {"model": "auth.permission", "pk": 2, "fields": {"name": "Can change log entry", "content_type": 1, "codename": "change_logentry"}}, {"model": "auth.permission", "pk": 3, "fields": {"name": "Can delete log entry", "content_type": 1, "codename": "delete_logentry"}}, {"model": "auth.permission", "pk": 4, "fields": {"name": "Can view log entry", "content_type": 1, "codename": "view_logentry"}}, {"model": "auth.permission", "pk": 5, "fields": {"name": "Can add permission", "content_type": 2, "codename": "add_permission"}}, {"model": "auth.permission", "pk": 6, "fields": {"name": "Can change permission", "content_type": 2, "codename": "change_permission"}}, {"model": "auth.permission", "pk": 7, "fields": {"name": "Can delete permission", "content_type": 2, "codename": "delete_permission"}}, {"model": "auth.permission", "pk": 8, "fields": {"name": "Can view permission", "content_type": 2, "codename": "view_permission"}}, {"model": "auth.permission", "pk": 9, "fields": {"name": "Can add group", "content_type": 3, "codename": "add_group"}}, {"model": "auth.permission", "pk": 10, "fields": {"name": "Can change group", "content_type": 3, "codename": "change_group"}}, {"model": "auth.permission", "pk": 11, "fields": {"name": "Can delete group", "content_type": 3, "codename": "delete_group"}}, {"model": "auth.permission", "pk": 12, "fields": {"name": "Can view group", "content_type": 3, "codename": "view_group"}}, {"model": "auth.permission", "pk": 13, "fields": {"name": "Can add content type", "content_type": 4, "codename": "add_contenttype"}}, {"model": "auth.permission", "pk": 14, "fields": {"name": "Can change content type", "content_type": 4, "codename": "change_contenttype"}}, {"model": "auth.permission", "pk": 15, "fields": {"name": "Can delete content type", "content_type": 4, "codename": "delete_contenttype"}}, {"model": "auth.permission", "pk": 16, "fields": {"name": "Can view content type", "content_type": 4, "codename": "view_contenttype"}}, {"model": "auth.permission", "pk": 17, "fields": {"name": "Can add session", "content_type": 5, "codename": "add_session"}}, {"model": "auth.permission", "pk": 18, "fields": {"name": "Can change session", "content_type": 5, "codename": "change_session"}}, {"model": "auth.permission", "pk": 19, "fields": {"name": "Can delete session", "content_type": 5, "codename": "delete_session"}}, {"model": "auth.permission", "pk": 20, "fields": {"name": "Can view session", "content_type": 5, "codename": "view_session"}}, {"model": "auth.permission", "pk": 21, "fields": {"name": "Can add اسلایدر", "content_type": 6, "codename": "add_sliderimage"}}, {"model": "auth.permission", "pk": 22, "fields": {"name": "Can change اسلایدر", "content_type": 6, "codename": "change_sliderimage"}}, {"model": "auth.permission", "pk": 23, "fields": {"name": "Can delete اسلایدر", "content_type": 6, "codename": "delete_sliderimage"}}, {"model": "auth.permission", "pk": 24, "fields": {"name": "Can view اسلایدر", "content_type": 6, "codename": "view_sliderimage"}}, {"model": "auth.permission", "pk": 25, "fields": {"name": "Can add کاربر", "content_type": 7, "codename": "add_customuser"}}, {"model": "auth.permission", "pk": 26, "fields": {"name": "Can change کاربر", "content_type": 7, "codename": "change_customuser"}}, {"model": "auth.permission", "pk": 27, "fields": {"name": "Can delete کاربر", "content_type": 7, "codename": "delete_customuser"}}, {"model": "auth.permission", "pk": 28, "fields": {"name": "Can view کاربر", "content_type": 7, "codename": "view_customuser"}}, {"model": "auth.permission", "pk": 29, "fields": {"name": "Can add نظر عمومی", "content_type": 8, "codename": "add_contactusmodel"}}, {"model": "auth.permission", "pk": 30, "fields": {"name": "Can change نظر عمومی", "content_type": 8, "codename": "change_contactusmodel"}}, {"model": "auth.permission", "pk": 31, "fields": {"name": "Can delete نظر عمومی", "content_type": 8, "codename": "delete_contactusmodel"}}, {"model": "auth.permission", "pk": 32, "fields": {"name": "Can view نظر عمومی", "content_type": 8, "codename": "view_contactusmodel"}}, {"model": "auth.permission", "pk": 33, "fields": {"name": "Can add برند", "content_type": 9, "codename": "add_brand"}}, {"model": "auth.permission", "pk": 34, "fields": {"name": "Can change برند", "content_type": 9, "codename": "change_brand"}}, {"model": "auth.permission", "pk": 35, "fields": {"name": "Can delete برند", "content_type": 9, "codename": "delete_brand"}}, {"model": "auth.permission", "pk": 36, "fields": {"name": "Can view برند", "content_type": 9, "codename": "view_brand"}}, {"model": "auth.permission", "pk": 37, "fields": {"name": "Can add ویژگی", "content_type": 10, "codename": "add_feature"}}, {"model": "auth.permission", "pk": 38, "fields": {"name": "Can change ویژگی", "content_type": 10, "codename": "change_feature"}}, {"model": "auth.permission", "pk": 39, "fields": {"name": "Can delete ویژگی", "content_type": 10, "codename": "delete_feature"}}, {"model": "auth.permission", "pk": 40, "fields": {"name": "Can view ویژگی", "content_type": 10, "codename": "view_feature"}}, {"model": "auth.permission", "pk": 41, "fields": {"name": "Can add مقدار ویژگی", "content_type": 11, "codename": "add_featurevalue"}}, {"model": "auth.permission", "pk": 42, "fields": {"name": "Can change مقدار ویژگی", "content_type": 11, "codename": "change_featurevalue"}}, {"model": "auth.permission", "pk": 43, "fields": {"name": "Can delete مقدار ویژگی", "content_type": 11, "codename": "delete_featurevalue"}}, {"model": "auth.permission", "pk": 44, "fields": {"name": "Can view مقدار ویژگی", "content_type": 11, "codename": "view_featurevalue"}}, {"model": "auth.permission", "pk": 45, "fields": {"name": "Can add محصول", "content_type": 12, "codename": "add_product"}}, {"model": "auth.permission", "pk": 46, "fields": {"name": "Can change محصول", "content_type": 12, "codename": "change_product"}}, {"model": "auth.permission", "pk": 47, "fields": {"name": "Can delete محصول", "content_type": 12, "codename": "delete_product"}}, {"model": "auth.permission", "pk": 48, "fields": {"name": "Can view محصول", "content_type": 12, "codename": "view_product"}}, {"model": "auth.permission", "pk": 49, "fields": {"name": "Can add گروه محصول", "content_type": 13, "codename": "add_productgroup"}}, {"model": "auth.permission", "pk": 50, "fields": {"name": "Can change گروه محصول", "content_type": 13, "codename": "change_productgroup"}}, {"model": "auth.permission", "pk": 51, "fields": {"name": "Can delete گروه محصول", "content_type": 13, "codename": "delete_productgroup"}}, {"model": "auth.permission", "pk": 52, "fields": {"name": "Can view گروه محصول", "content_type": 13, "codename": "view_productgroup"}}, {"model": "auth.permission", "pk": 53, "fields": {"name": "Can add تصویر محصول", "content_type": 14, "codename": "add_productgallary"}}, {"model": "auth.permission", "pk": 54, "fields": {"name": "Can change تصویر محصول", "content_type": 14, "codename": "change_productgallary"}}, {"model": "auth.permission", "pk": 55, "fields": {"name": "Can delete تصویر محصول", "content_type": 14, "codename": "delete_productgallary"}}, {"model": "auth.permission", "pk": 56, "fields": {"name": "Can view تصویر محصول", "content_type": 14, "codename": "view_productgallary"}}, {"model": "auth.permission", "pk": 57, "fields": {"name": "Can add ویژگی محصول", "content_type": 15, "codename": "add_productfeature"}}, {"model": "auth.permission", "pk": 58, "fields": {"name": "Can change ویژگی محصول", "content_type": 15, "codename": "change_productfeature"}}, {"model": "auth.permission", "pk": 59, "fields": {"name": "Can delete ویژگی محصول", "content_type": 15, "codename": "delete_productfeature"}}, {"model": "auth.permission", "pk": 60, "fields": {"name": "Can view ویژگی محصول", "content_type": 15, "codename": "view_productfeature"}}, {"model": "auth.permission", "pk": 61, "fields": {"name": "Can add کوپن", "content_type": 16, "codename": "add_coupon"}}, {"model": "auth.permission", "pk": 62, "fields": {"name": "Can change کوپن", "content_type": 16, "codename": "change_coupon"}}, {"model": "auth.permission", "pk": 63, "fields": {"name": "Can delete کوپن", "content_type": 16, "codename": "delete_coupon"}}, {"model": "auth.permission", "pk": 64, "fields": {"name": "Can view کوپن", "content_type": 16, "codename": "view_coupon"}}, {"model": "auth.permission", "pk": 65, "fields": {"name": "Can add سبد تخفیف", "content_type": 17, "codename": "add_discountbasket"}}, {"model": "auth.permission", "pk": 66, "fields": {"name": "Can change سبد تخفیف", "content_type": 17, "codename": "change_discountbasket"}}, {"model": "auth.permission", "pk": 67, "fields": {"name": "Can delete سبد تخفیف", "content_type": 17, "codename": "delete_discountbasket"}}, {"model": "auth.permission", "pk": 68, "fields": {"name": "Can view سبد تخفیف", "content_type": 17, "codename": "view_discountbasket"}}, {"model": "auth.permission", "pk": 69, "fields": {"name": "Can add جزعیات سبد تخفیف", "content_type": 18, "codename": "add_discountbasketdetails"}}, {"model": "auth.permission", "pk": 70, "fields": {"name": "Can change جزعیات سبد تخفیف", "content_type": 18, "codename": "change_discountbasketdetails"}}, {"model": "auth.permission", "pk": 71, "fields": {"name": "Can delete جزعیات سبد تخفیف", "content_type": 18, "codename": "delete_discountbasketdetails"}}, {"model": "auth.permission", "pk": 72, "fields": {"name": "Can view جزعیات سبد تخفیف", "content_type": 18, "codename": "view_discountbasketdetails"}}, {"model": "auth.permission", "pk": 73, "fields": {"name": "Can add سفارش", "content_type": 19, "codename": "add_order"}}, {"model": "auth.permission", "pk": 74, "fields": {"name": "Can change سفارش", "content_type": 19, "codename": "change_order"}}, {"model": "auth.permission", "pk": 75, "fields": {"name": "Can delete سفارش", "content_type": 19, "codename": "delete_order"}}, {"model": "auth.permission", "pk": 76, "fields": {"name": "Can view سفارش", "content_type": 19, "codename": "view_order"}}, {"model": "auth.permission", "pk": 77, "fields": {"name": "Can add نوع پرداخت", "content_type": 20, "codename": "add_paymenttype"}}, {"model": "auth.permission", "pk": 78, "fields": {"name": "Can change نوع پرداخت", "content_type": 20, "codename": "change_paymenttype"}}, {"model": "auth.permission", "pk": 79, "fields": {"name": "Can delete نوع پرداخت", "content_type": 20, "codename": "delete_paymenttype"}}, {"model": "auth.permission", "pk": 80, "fields": {"name": "Can view نوع پرداخت", "content_type": 20, "codename": "view_paymenttype"}}, {"model": "auth.permission", "pk": 81, "fields": {"name": "Can add order details", "content_type": 21, "codename": "add_orderdetails"}}, {"model": "auth.permission", "pk": 82, "fields": {"name": "Can change order details", "content_type": 21, "codename": "change_orderdetails"}}, {"model": "auth.permission", "pk": 83, "fields": {"name": "Can delete order details", "content_type": 21, "codename": "delete_orderdetails"}}, {"model": "auth.permission", "pk": 84, "fields": {"name": "Can view order details", "content_type": 21, "codename": "view_orderdetails"}}, {"model": "auth.permission", "pk": 85, "fields": {"name": "Can add زمان ارسال", "content_type": 22, "codename": "add_deilverytime"}}, {"model": "auth.permission", "pk": 86, "fields": {"name": "Can change زمان ارسال", "content_type": 22, "codename": "change_deilverytime"}}, {"model": "auth.permission", "pk": 87, "fields": {"name": "Can delete زمان ارسال", "content_type": 22, "codename": "delete_deilverytime"}}, {"model": "auth.permission", "pk": 88, "fields": {"name": "Can view زمان ارسال", "content_type": 22, "codename": "view_deilverytime"}}, {"model": "auth.permission", "pk": 89, "fields": {"name": "Can add پرداخت", "content_type": 23, "codename": "add_payment"}}, {"model": "auth.permission", "pk": 90, "fields": {"name": "Can change پرداخت", "content_type": 23, "codename": "change_payment"}}, {"model": "auth.permission", "pk": 91, "fields": {"name": "Can delete پرداخت", "content_type": 23, "codename": "delete_payment"}}, {"model": "auth.permission", "pk": 92, "fields": {"name": "Can view پرداخت", "content_type": 23, "codename": "view_payment"}}, {"model": "auth.permission", "pk": 93, "fields": {"name": "Can add امتیاز", "content_type": 24, "codename": "add_scoring"}}, {"model": "auth.permission", "pk": 94, "fields": {"name": "Can change امتیاز", "content_type": 24, "codename": "change_scoring"}}, {"model": "auth.permission", "pk": 95, "fields": {"name": "Can delete امتیاز", "content_type": 24, "codename": "delete_scoring"}}, {"model": "auth.permission", "pk": 96, "fields": {"name": "Can view امتیاز", "content_type": 24, "codename": "view_scoring"}}, {"model": "auth.permission", "pk": 97, "fields": {"name": "Can add علاقه", "content_type": 25, "codename": "add_favorite"}}, {"model": "auth.permission", "pk": 98, "fields": {"name": "Can change علاقه", "content_type": 25, "codename": "change_favorite"}}, {"model": "auth.permission", "pk": 99, "fields": {"name": "Can delete علاقه", "content_type": 25, "codename": "delete_favorite"}}, {"model": "auth.permission", "pk": 100, "fields": {"name": "Can view علاقه", "content_type": 25, "codename": "view_favorite"}}, {"model": "auth.permission", "pk": 101, "fields": {"name": "Can add نظر در مورد کالا ها", "content_type": 26, "codename": "add_comment"}}, {"model": "auth.permission", "pk": 102, "fields": {"name": "Can change نظر در مورد کالا ها", "content_type": 26, "codename": "change_comment"}}, {"model": "auth.permission", "pk": 103, "fields": {"name": "Can delete نظر در مورد کالا ها", "content_type": 26, "codename": "delete_comment"}}, {"model": "auth.permission", "pk": 104, "fields": {"name": "Can view نظر در مورد کالا ها", "content_type": 26, "codename": "view_comment"}}, {"model": "auth.permission", "pk": 105, "fields": {"name": "Can add نوع انبار", "content_type": 27, "codename": "add_warehousetype"}}, {"model": "auth.permission", "pk": 106, "fields": {"name": "Can change نوع انبار", "content_type": 27, "codename": "change_warehousetype"}}, {"model": "auth.permission", "pk": 107, "fields": {"name": "Can delete نوع انبار", "content_type": 27, "codename": "delete_warehousetype"}}, {"model": "auth.permission", "pk": 108, "fields": {"name": "Can view نوع انبار", "content_type": 27, "codename": "view_warehousetype"}}, {"model": "auth.permission", "pk": 109, "fields": {"name": "Can add انبار", "content_type": 28, "codename": "add_warehouse"}}, {"model": "auth.permission", "pk": 110, "fields": {"name": "Can change انبار", "content_type": 28, "codename": "change_warehouse"}}, {"model": "auth.permission", "pk": 111, "fields": {"name": "Can delete انبار", "content_type": 28, "codename": "delete_warehouse"}}, {"model": "auth.permission", "pk": 112, "fields": {"name": "Can view انبار", "content_type": 28, "codename": "view_warehouse"}}, {"model": "auth.permission", "pk": 113, "fields": {"name": "Can add نویسنده", "content_type": 29, "codename": "add_author"}}, {"model": "auth.permission", "pk": 114, "fields": {"name": "Can change نویسنده", "content_type": 29, "codename": "change_author"}}, {"model": "auth.permission", "pk": 115, "fields": {"name": "Can delete نویسنده", "content_type": 29, "codename": "delete_author"}}, {"model": "auth.permission", "pk": 116, "fields": {"name": "Can view نویسنده", "content_type": 29, "codename": "view_author"}}, {"model": "auth.permission", "pk": 117, "fields": {"name": "Can add مقاله", "content_type": 30, "codename": "add_blog"}}, {"model": "auth.permission", "pk": 118, "fields": {"name": "Can change مقاله", "content_type": 30, "codename": "change_blog"}}, {"model": "auth.permission", "pk": 119, "fields": {"name": "Can delete مقاله", "content_type": 30, "codename": "delete_blog"}}, {"model": "auth.permission", "pk": 120, "fields": {"name": "Can view مقاله", "content_type": 30, "codename": "view_blog"}}, {"model": "auth.permission", "pk": 121, "fields": {"name": "Can add گروه مقاله", "content_type": 31, "codename": "add_bloggroup"}}, {"model": "auth.permission", "pk": 122, "fields": {"name": "Can change گروه مقاله", "content_type": 31, "codename": "change_bloggroup"}}, {"model": "auth.permission", "pk": 123, "fields": {"name": "Can delete گروه مقاله", "content_type": 31, "codename": "delete_bloggroup"}}, {"model": "auth.permission", "pk": 124, "fields": {"name": "Can view گروه مقاله", "content_type": 31, "codename": "view_bloggroup"}}, {"model": "auth.permission", "pk": 125, "fields": {"name": "Can add کلید واژه", "content_type": 32, "codename": "add_tag"}}, {"model": "auth.permission", "pk": 126, "fields": {"name": "Can change کلید واژه", "content_type": 32, "codename": "change_tag"}}, {"model": "auth.permission", "pk": 127, "fields": {"name": "Can delete کلید واژه", "content_type": 32, "codename": "delete_tag"}}, {"model": "auth.permission", "pk": 128, "fields": {"name": "Can view کلید واژه", "content_type": 32, "codename": "view_tag"}}, {"model": "auth.permission", "pk": 129, "fields": {"name": "Can add مقاله های لایک شده", "content_type": 33, "codename": "add_like"}}, {"model": "auth.permission", "pk": 130, "fields": {"name": "Can change مقاله های لایک شده", "content_type": 33, "codename": "change_like"}}, {"model": "auth.permission", "pk": 131, "fields": {"name": "Can delete مقاله های لایک شده", "content_type": 33, "codename": "delete_like"}}, {"model": "auth.permission", "pk": 132, "fields": {"name": "Can view مقاله های لایک شده", "content_type": 33, "codename": "view_like"}}, {"model": "auth.permission", "pk": 133, "fields": {"name": "Can add مقاله های دیس لایک شده", "content_type": 34, "codename": "add_dislike"}}, {"model": "auth.permission", "pk": 134, "fields": {"name": "Can change مقاله های دیس لایک شده", "content_type": 34, "codename": "change_dislike"}}, {"model": "auth.permission", "pk": 135, "fields": {"name": "Can delete مقاله های دیس لایک شده", "content_type": 34, "codename": "delete_dislike"}}, {"model": "auth.permission", "pk": 136, "fields": {"name": "Can view مقاله های دیس لایک شده", "content_type": 34, "codename": "view_dislike"}}, {"model": "auth.permission", "pk": 137, "fields": {"name": "Can add نظر در مورد مقاله ها", "content_type": 35, "codename": "add_commentblog"}}, {"model": "auth.permission", "pk": 138, "fields": {"name": "Can change نظر در مورد مقاله ها", "content_type": 35, "codename": "change_commentblog"}}, {"model": "auth.permission", "pk": 139, "fields": {"name": "Can delete نظر در مورد مقاله ها", "content_type": 35, "codename": "delete_commentblog"}}, {"model": "auth.permission", "pk": 140, "fields": {"name": "Can view نظر در مورد مقاله ها", "content_type": 35, "codename": "view_commentblog"}}, {"model": "auth.permission", "pk": 141, "fields": {"name": "Can add گالری مقاله", "content_type": 36, "codename": "add_bloggallary"}}, {"model": "auth.permission", "pk": 142, "fields": {"name": "Can change گالری مقاله", "content_type": 36, "codename": "change_bloggallary"}}, {"model": "auth.permission", "pk": 143, "fields": {"name": "Can delete گالری مقاله", "content_type": 36, "codename": "delete_bloggallary"}}, {"model": "auth.permission", "pk": 144, "fields": {"name": "Can view گالری مقاله", "content_type": 36, "codename": "view_bloggallary"}}, {"model": "contenttypes.contenttype", "pk": 1, "fields": {"app_label": "admin", "model": "logentry"}}, {"model": "contenttypes.contenttype", "pk": 2, "fields": {"app_label": "auth", "model": "permission"}}, {"model": "contenttypes.contenttype", "pk": 3, "fields": {"app_label": "auth", "model": "group"}}, {"model": "contenttypes.contenttype", "pk": 4, "fields": {"app_label": "contenttypes", "model": "contenttype"}}, {"model": "contenttypes.contenttype", "pk": 5, "fields": {"app_label": "sessions", "model": "session"}}, {"model": "contenttypes.contenttype", "pk": 6, "fields": {"app_label": "index", "model": "sliderimage"}}, {"model": "contenttypes.contenttype", "pk": 7, "fields": {"app_label": "accounts", "model": "customuser"}}, {"model": "contenttypes.contenttype", "pk": 8, "fields": {"app_label": "contact_us", "model": "contactusmodel"}}, {"model": "contenttypes.contenttype", "pk": 9, "fields": {"app_label": "products", "model": "brand"}}, {"model": "contenttypes.contenttype", "pk": 10, "fields": {"app_label": "products", "model": "feature"}}, {"model": "contenttypes.contenttype", "pk": 11, "fields": {"app_label": "products", "model": "featurevalue"}}, {"model": "contenttypes.contenttype", "pk": 12, "fields": {"app_label": "products", "model": "product"}}, {"model": "contenttypes.contenttype", "pk": 13, "fields": {"app_label": "products", "model": "productgroup"}}, {"model": "contenttypes.contenttype", "pk": 14, "fields": {"app_label": "products", "model": "productgallary"}}, {"model": "contenttypes.contenttype", "pk": 15, "fields": {"app_label": "products", "model": "productfeature"}}, {"model": "contenttypes.contenttype", "pk": 16, "fields": {"app_label": "discounts", "model": "coupon"}}, {"model": "contenttypes.contenttype", "pk": 17, "fields": {"app_label": "discounts", "model": "discountbasket"}}, {"model": "contenttypes.contenttype", "pk": 18, "fields": {"app_label": "discounts", "model": "discountbasketdetails"}}, {"model": "contenttypes.contenttype", "pk": 19, "fields": {"app_label": "orders", "model": "order"}}, {"model": "contenttypes.contenttype", "pk": 20, "fields": {"app_label": "orders", "model": "paymenttype"}}, {"model": "contenttypes.contenttype", "pk": 21, "fields": {"app_label": "orders", "model": "orderdetails"}}, {"model": "contenttypes.contenttype", "pk": 22, "fields": {"app_label": "orders", "model": "deilverytime"}}, {"model": "contenttypes.contenttype", "pk": 23, "fields": {"app_label": "payments", "model": "payment"}}, {"model": "contenttypes.contenttype", "pk": 24, "fields": {"app_label": "scoring", "model": "scoring"}}, {"model": "contenttypes.contenttype", "pk": 25, "fields": {"app_label": "favorite", "model": "favorite"}}, {"model": "contenttypes.contenttype", "pk": 26, "fields": {"app_label": "comments", "model": "comment"}}, {"model": "contenttypes.contenttype", "pk": 27, "fields": {"app_label": "warehouses", "model": "warehousetype"}}, {"model": "contenttypes.contenttype", "pk": 28, "fields": {"app_label": "warehouses", "model": "warehouse"}}, {"model": "contenttypes.contenttype", "pk": 29, "fields": {"app_label": "blogs", "model": "author"}}, {"model": "contenttypes.contenttype", "pk": 30, "fields": {"app_label": "blogs", "model": "blog"}}, {"model": "contenttypes.contenttype", "pk": 31, "fields": {"app_label": "blogs", "model": "bloggroup"}}, {"model": "contenttypes.contenttype", "pk": 32, "fields": {"app_label": "blogs", "model": "tag"}}, {"model": "contenttypes.contenttype", "pk": 33, "fields": {"app_label": "blogs", "model": "like"}}, {"model": "contenttypes.contenttype", "pk": 34, "fields": {"app_label": "blogs", "model": "dislike"}}, {"model": "contenttypes.contenttype", "pk": 35, "fields": {"app_label": "blogs", "model": "commentblog"}}, {"model": "contenttypes.contenttype", "pk": 36, "fields": {"app_label": "blogs", "model": "bloggallary"}}, {"model": "sessions.session", "pk": "15zs7ewopx10yc9h7v66h6xpgi4mlp9d", "fields": {"session_data": "eyJjb21wYXJlX3Byb2R1Y3QiOltdfQ:1qFq0b:DV9NxC_zzfFSfKI4hs5zKBsN_upJi5ThVvDKsH5M0EU", "expire_date": "2023-07-16T05:52:29.162"}}, {"model": "sessions.session", "pk": "4tgsnr78v7e2i1nc8y5o9hv1wh7szkoy", "fields": {"session_data": "eyJjb21wYXJlX3Byb2R1Y3QiOltdfQ:1qFqak:d2GxOAUa0WIqPG88Y2sbbczcFhFH3FXzRNdFTpqrHPA", "expire_date": "2023-07-16T06:29:50.283"}}, {"model": "sessions.session", "pk": "54nni7fylxv6ab9s5pl5qtwhv4mxog09", "fields": {"session_data": ".eJxVj8sKgzAURP8la5EkxiZx2X37A6WEm3tj7SuRqCvx36sgFLczZw7MzIYu9Q4hk7umGFgzLwXD9O0hB9fnRBOOrLndC-ZgGjs3DSG7J7GGSXbIPOA7xK2gF8RHKjHFMT99uSHl3g7lJVH4nHf2IOhg6Na1kpUyRrReVd4Io7AWqFvLa64DJy2tpJO2aLQhqDBIazxZsELU1taSq1X6vyS3P8sPwxlLdA:1qPpGh:x__gQHlCrtkM5FEDaiHnpc7mUkmhu1UGRAOkIY2oexQ", "expire_date": "2023-08-12T19:06:23.662"}}, {"model": "sessions.session", "pk": "7ufucw939h9we6l2s59pc5dwqohe6wc1", "fields": {"session_data": "eyJzaG9wX2NhcmRfTm9uZSI6e319:1qFrHe:toGsi5H4dq5ZCcf107H7KCY79djuQcgNdvzWYz-jcCI", "expire_date": "2023-07-16T07:14:10.230"}}, {"model": "sessions.session", "pk": "9cia5sfon3yagiz4kvll7dho3gjwnruq", "fields": {"session_data": "eyJjb21wYXJlX3Byb2R1Y3QiOltdfQ:1qFrPJ:LdvgL5wsMnXdSZZmmvioP9WoGs8_Z-xDrgfC5vsal_I", "expire_date": "2023-07-16T07:22:05.202"}}, {"model": "sessions.session", "pk": "b90qey6v4blm4az4q3qsk6e79gebvv20", "fields": {"session_data": "eyJjb21wYXJlX3Byb2R1Y3QiOltdfQ:1qPk8B:7DkCFcZqyt1CHKZXHkEITJXdTbIiWnVRQn9t0MuUw00", "expire_date": "2023-08-12T13:37:15.537"}}, {"model": "sessions.session", "pk": "e88x0vhu5pbz14xkhtkm96yzhwtanf0l", "fields": {"session_data": ".eJxVj7GOwyAQRP9lawsBhgAu0yc_cDqhZcFnXxKwsF1F_vfYUoqkmWLezEjzBCqPCWvyUy1xpQW6n98G5qFMnrBGfy05QfcEcUheHyFV6EQDUx1pB1Jzzhvox4x3_-kxvm0NeFyXwa9zqn6M0IGELy8g3VI-QPzH_FcYlbzUMbAjwt50ZpcS0_38zn4NDDgPe1vJVlkr-qDaYIVVpAWZ3nHNTeLRSCfjyTiyxkZsKUlnQ3TohNDOackVfD6W-9NtewFxJFqC:1qQ0tK:4SHTcjRK_gx3ubUVG6twpYlE9vtZ8s6HXiTaF-cga9E", "expire_date": "2023-08-13T07:31:02.107"}}, {"model": "sessions.session", "pk": "f2zbzzbm4cye30bfudyyljhjz6iji1og", "fields": {"session_data": "eyJzaG9wX2NhcmRfTm9uZSI6e319:1qQ0oA:8Gf0Jdwfq-zYkZQ0CL4nn8xBfO5wxvsdbAPuzaE9EUQ", "expire_date": "2023-08-13T07:25:42.716"}}, {"model": "sessions.session", "pk": "ff93aro7wijhspwx6tk6wb4of5h9ozmo", "fields": {"session_data": "eyJjb21wYXJlX3Byb2R1Y3QiOltdfQ:1qFrN6:cm-hXDhuhVLdw22gwE-WPKx4LdReaTVtoFvguW-t6bo", "expire_date": "2023-07-16T07:19:48.239"}}, {"model": "sessions.session", "pk": "nl9djcv8kr12acy0cplp0fzz293ocddc", "fields": {"session_data": "eyJjb21wYXJlX3Byb2R1Y3QiOltdfQ:1qQCoi:VeQUNLFQLwQrI_6gbcli7mG8WBLn1949VfeUdNkR7E4", "expire_date": "2023-08-13T20:15:04.275"}}, {"model": "sessions.session", "pk": "p8xkl55gijma7rgmqbef1hpdmziq7xqo", "fields": {"session_data": "eyJzaG9wX2NhcmRfTm9uZSI6e319:1qFrJF:JmLIqzDFtiYAhtLCPD6MveLVBbiD6DxL5T5gMuFl0f4", "expire_date": "2023-07-16T07:15:49.577"}}, {"model": "sessions.session", "pk": "tbicvlq129sm3txj9l6x064wazyyngp4", "fields": {"session_data": ".eJxVkE1uxCAMhe_idYSAQIEsu59eoBoh_tLQTiCCZDEa5e4lUtTpbCz5fX5Pth9Qp7xoZ4rXHzkFGB57B9ps66S3GoqOHgag8KJZ435COoD_NukrI5fTWqJFxwg6aUWX7MPt_Zx9CZhMnZqb0Z5JSUbLeiuJZI4TJ0aFORYBe0EV9W9COSmkN70LVEnrlVGEcKU4xayFPrenbXUgR0nbbEOBgXSwlOjaTZRjjDsYYzI3_V9DeG_nujwvpoRGst_cCsPntVnNfQ5p1TXUGnM6gnPx50fok5_t37Povv8CSvlvSg:1qFrRT:Uj1FY7VKMVqQe3RG4Wh9QkMvjzJbsaOWbbXt7S0BjNw", "expire_date": "2023-07-16T07:24:19.904"}}, {"model": "sessions.session", "pk": "zp5aun37aenr8ip90x7fkn0g6m0zk84r", "fields": {"session_data": "eyJzaG9wX2NhcmRfTm9uZSI6e319:1qQDP8:iAugxKTZJ0I7vTG-neK3SEQBAvE1Q2_GLWKJUnOdnkg", "expire_date": "2023-08-13T20:52:42.962"}}, {"model": "index.sliderimage", "pk": 1, "fields": {"slider_name": "various-product", "slider_title": "تنوع محصولات", "slider_short_text": "لورم ایپسوم متن ساختگی با تولید سادگی نامفهوم از صنعت چاپ، و با استفاده از طراحان گرافیک است، چاپگرها و متون بلکه روزنامه و مجله در ستون و سطرآنچنان که لازم است، و برای شرایط فعلی تکنولوژی مورد نیاز، و کاربردهای متنوع با هدف بهبود ابزارهای کاربردی می باشد، کتابهای زیادی در شصت و سه درصد گذشته حال و آینده، شناخت فراوان جامعه و متخصصان را می طلبد", "slider_image": "images/slides/slide-2-fullfadf2df1-f045-4d4e-a402-393b21bb9e93abf52297-1a83-436d-bb19-28_z3fE1dJ.jpg", "register_date": "2023-07-02T05:56:06", "is_active": true}}, {"model": "index.sliderimage", "pk": 2, "fields": {"slider_name": "various-prices", "slider_title": "قیمت های متنوع", "slider_short_text": "لورم ایپسوم متن ساختگی با تولید سادگی نامفهوم از صنعت چاپ، و با استفاده از طراحان گرافیک است، چاپگرها و متون بلکه روزنامه و مجله در ستون و سطرآنچنان که لازم است، و برای شرایط فعلی تکنولوژی مورد نیاز، و کاربردهای متنوع با هدف بهبود ابزارهای کاربردی می باشد", "slider_image": "images/slides/slide-1-full0975bdcb-e3d6-4aeb-8883-b7ef5dd8d1c03e3edbe9-7849-4a47-8ab7-34_8PoSVW9.jpg", "register_date": "2023-07-02T05:59:39", "is_active": true}}, {"model": "accounts.customuser", "pk": 1, "fields": {"password": "pbkdf2_sha256$390000$qNpwv8YQCYgjaPhM3j9HAa$3nhIiXCZp+N5k2Fn5sQnOaqiHyNr+M3MmSzLcoe8YnQ=", "last_login": "2023-07-02T07:20:28.183", "is_superuser": true, "user_name": "mohammadreza1375", "name": "محمدرضا", "family": "یزدانیان", "email": "mohammad.r.yazdaniyan@gmail.com", "mobile_number": "09127256715", "image": "images/user/photo_1401-12-12_19.18.170e5fe5fd-ab49-41ee-9e3b-05a7179f4f93574ade15-5e62-_AuYKXj6.jpeg", "address": "تهران - شهر اکباتان - بلوک ۵ - طبقه ۳ - واحد ۲۳", "city": "تهران", "province": "تهران", "postal_code": "1478887954", "register_date": "2023-07-02", "is_active": true, "active_code": null, "is_admin": true, "groups": [], "user_permissions": []}}, {"model": "accounts.customuser", "pk": 2, "fields": {"password": "pbkdf2_sha256$390000$46qUqjFeQIg971AuzKC9oi$rmnZ1zF0w8wrzDWL7Exvc7UD/fredQDOidmh+ZAK8Xg=", "last_login": "2023-07-30T07:26:33.064", "is_superuser": false, "user_name": "sara1381", "name": "سارا", "family": "جهانبخش", "email": "sara-jahanbakhsh@gmail.com", "mobile_number": "09305622564", "image": "images/user/hana-jahanbakhshb6b7aedc-9e95-49df-aa8f-15528c2ea62bfa0c1f9f-27a6-4ae2-89c5_ulSuSqp.jpeg", "address": "تهران - جنت آباد شمالی - بلوار مبعث - کوچه عبایان - پلاک ۵۹ - واحد ۳", "city": "تهران", "province": "تهران", "postal_code": "۱۴۷۸۷۷۶۹۷۱", "register_date": "2023-07-02", "is_active": true, "active_code": "829806", "is_admin": false, "groups": [], "user_permissions": []}}, {"model": "products.brand", "pk": 1, "fields": {"brand_name": "پاک", "brand_slug": "brand_pak", "brand_image": "images/Brand/pak-logo68bf9ed4-fd99-4dc9-93f4-8497a5ad7c7fc07e4060-cc05-4ba4-bfbd-725ff3037421.png"}}, {"model": "products.brand", "pk": 2, "fields": {"brand_name": "یک و یک", "brand_slug": "brand_yekoyek", "brand_image": "images/Brand/1to1-logoc34a45a9-d897-4661-8055-73e029b650c60abd2ec3-c7c0-46c6-aa3a-29572b538a84.png"}}, {"model": "products.brand", "pk": 3, "fields": {"brand_name": "بیژن", "brand_slug": "brand_bijan", "brand_image": "images/Brand/bijan-logo7acc2b63-bce5-45aa-b242-0fef09a61e0149ce808c-64bc-49f2-9b25-32a5badee488.png"}}, {"model": "products.brand", "pk": 4, "fields": {"brand_name": "طراوت", "brand_slug": "brand-taravat", "brand_image": "images/Brand/taravat-logo4c1466aa-4775-4cb4-8b91-4a9f3e9124e7b9151977-4797-4f98-a546-2a2_0HsWteS.png"}}, {"model": "products.brand", "pk": 5, "fields": {"brand_name": "میهن", "brand_slug": "brand_mihan", "brand_image": "images/Brand/mihan-logod3152cff-d051-4123-97ae-aef61189abb36433caa2-cf4f-406a-affb-9a4436e7d51a.png"}}, {"model": "products.brand", "pk": 6, "fields": {"brand_name": "مهرام", "brand_slug": "brand_mahram", "brand_image": "images/Brand/mahram-logocf6eadb7-da86-40c5-a98e-3ed2f65bc5bdc8dcd36a-5db8-4f96-98be-956610cac261.png"}}, {"model": "products.productgroup", "pk": 1, "fields": {"group_name": "خوراکی", "group_slug": "food-group", "group_image": "images/product_group/juice_1485f78f5-33a4-4147-92fb-828a71618c156723272b-9568-4ff1-8e73_8pH3nCm.jpeg", "group_isactive": true, "product_registerdate": "2023-07-02T06:37:05.295", "product_publish_date": "2023-07-02T06:33:37", "product_update_date": "2023-07-02T06:37:05.296", "group_parent": null}}, {"model": "products.productgroup", "pk": 2, "fields": {"group_name": "نان", "group_slug": "bread-group", "group_image": "images/product_group/sanghak_1ce505f44-9469-4aec-8c6b-ff7aa9d9f8b4191177ca-c663-46fa-92_DSDk5Zy.jpeg", "group_isactive": true, "product_registerdate": "2023-07-02T06:37:05.297", "product_publish_date": "2023-07-02T06:34:11", "product_update_date": "2023-07-02T06:37:05.297", "group_parent": 1}}, {"model": "products.productgroup", "pk": 3, "fields": {"group_name": "ماست", "group_slug": "yugert-croup", "group_image": "images/product_group/yugert_153cfd429-b5a9-4a76-9e92-36c5af271776e1d4b261-1961-410a-802_jqOuoYK.jpeg", "group_isactive": true, "product_registerdate": "2023-07-02T06:37:05.297", "product_publish_date": "2023-07-02T06:36:39", "product_update_date": "2023-07-02T06:37:05.297", "group_parent": 1}}, {"model": "products.productgroup", "pk": 4, "fields": {"group_name": "نوشیدنی", "group_slug": "drink-group", "group_image": "images/product_group/full-cream-milk-uht-1lcd5080be-4792-48d2-89ac-105d475e01ac93e2d3b1-_Npgr5qv.jpg", "group_isactive": true, "product_registerdate": "2023-07-02T06:41:32.888", "product_publish_date": "2023-07-02T06:37:51", "product_update_date": "2023-07-02T06:41:32.888", "group_parent": null}}, {"model": "products.productgroup", "pk": 5, "fields": {"group_name": "نوشابه", "group_slug": "cola-group", "group_image": "images/product_group/soda_1b3d5a6d3-d5ed-4016-9770-6c2cd6b999a0d930e3f6-8d62-4a2e-acf7-_GyCD6sx.jpeg", "group_isactive": true, "product_registerdate": "2023-07-02T06:41:32.897", "product_publish_date": "2023-07-02T06:38:52", "product_update_date": "2023-07-02T06:41:44.890", "group_parent": 4}}, {"model": "products.productgroup", "pk": 6, "fields": {"group_name": "شیر", "group_slug": "milk-group", "group_image": "images/product_group/full-cream-milk-uht-1lcd5080be-4792-48d2-89ac-105d475e01ac7985217b-_poxk1Av.jpg", "group_isactive": true, "product_registerdate": "2023-07-02T06:41:32.900", "product_publish_date": "2023-07-02T06:41:24", "product_update_date": "2023-07-02T06:41:44.886", "group_parent": 4}}, {"model": "products.productgroup", "pk": 7, "fields": {"group_name": "مصرفی", "group_slug": "used-group", "group_image": "images/product_group/5f7e883a78b2304071a24d7ba43e3175b7101e4b-c63d-4f52-86aa-4edc099ed21_OLuCuc4.jpg", "group_isactive": true, "product_registerdate": "2023-07-02T06:43:42.803", "product_publish_date": "2023-07-02T06:43:38", "product_update_date": "2023-07-02T06:43:42.803", "group_parent": null}}, {"model": "products.productgroup", "pk": 8, "fields": {"group_name": "سیگار", "group_slug": "cigarette-group", "group_image": "images/product_group/etiad1-13c6389f7-820d-42fc-afbf-3939d05ad8268d8bab8e-f395-443b-8804_y2ZSW1p.jpg", "group_isactive": true, "product_registerdate": "2023-07-02T06:43:42.804", "product_publish_date": "2023-07-02T06:43:07", "product_update_date": "2023-07-02T06:43:42.804", "group_parent": 7}}, {"model": "products.productgroup", "pk": 9, "fields": {"group_name": "پلاستیک", "group_slug": "plastic-group", "group_image": "images/product_group/5f7e883a78b2304071a24d7ba43e3175b7101e4b-c63d-4f52-86aa-4edc099ed21_M2boByv.jpg", "group_isactive": true, "product_registerdate": "2023-07-02T06:43:42.805", "product_publish_date": "2023-07-02T06:42:00", "product_update_date": "2023-07-02T06:43:42.805", "group_parent": 7}}, {"model": "products.feature", "pk": 1, "fields": {"feature_name": "نوع", "feature_slug": "build-type-feat", "product_group": [3, 6]}}, {"model": "products.feature", "pk": 2, "fields": {"feature_name": "چربی", "feature_slug": "fat-feat", "product_group": [3, 6]}}, {"model": "products.feature", "pk": 3, "fields": {"feature_name": "نوع", "feature_slug": "cola-type-feat", "product_group": [5]}}, {"model": "products.product", "pk": 1, "fields": {"product_name": "شیر پاک نوع ۱", "product_summery_description": "<p dir=\"rtl\" style=\"text-align:justify\">لورم ایپسوم متن ساختگی با تولید سادگی نامفهوم از صنعت چاپ، و با استفاده از طراحان گرافیک است، چاپگرها و متون بلکه روزنامه و مجله در ستون و سطرآنچنان که لازم است، و برای شرایط فعلی تکنولوژی مورد نیاز، و کاربردهای متنوع با هدف بهبود ابزارهای کاربردی می باشد، کتابهای زیادی در شصت و سه درصد گذشته حال و آینده، شناخت فراوان جامعه و متخصصان را می طلبد، تا با نرم افزارها شناخت بیشتری را برای طراحان رایانه ای علی الخصوص طراحان خلاقی، و فرهنگ پیشرو در زبان فارسی ایجاد کرد، در این صورت می توان امید داشت که تمام و دشواری موجود در ارائه راهکارها، و شرایط سخت تایپ به پایان رسد و زمان مورد نیاز شامل حروفچینی دستاوردهای اصلی، و جوابگوی سوالات پیوسته اهل دنیای موجود طراحی اساسا مورد استفاده قرار گیرد.</p>", "product_description": "<p dir=\"rtl\" style=\"text-align:justify\">لورم ایپسوم متن ساختگی با تولید سادگی نامفهوم از صنعت چاپ، و با استفاده از طراحان گرافیک است، چاپگرها و متون بلکه روزنامه و مجله در ستون و سطرآنچنان که لازم است، و برای شرایط فعلی تکنولوژی مورد نیاز، و کاربردهای متنوع با هدف بهبود ابزارهای کاربردی می باشد، کتابهای زیادی در شصت و سه درصد گذشته حال و آینده، شناخت فراوان جامعه و متخصصان را می طلبد، تا با نرم افزارها شناخت بیشتری را برای طراحان رایانه ای علی الخصوص طراحان خلاقی، و فرهنگ پیشرو در زبان فارسی ایجاد کرد، در این صورت می توان امید داشت که تمام و دشواری موجود در ارائه راهکارها، و شرایط سخت تایپ به پایان رسد و زمان مورد نیاز شامل حروفچینی دستاوردهای اصلی، و جوابگوی سوالات پیوسته اهل دنیای موجود طراحی اساسا مورد استفاده قرار گیرد.</p>\r\n\r\n<p dir=\"rtl\" style=\"text-align:center\"><img alt=\"\" src=\"/media/images/ckeditor/upload_files/2023/07/02/0df1db34070c6347bdb546de5a4ee31b9b28eba5_161357175939daba61-a952-_gfl5pmz.jpg\" style=\"height:800px; width:800px\" /></p>\r\n\r\n<p dir=\"rtl\" style=\"text-align:justify\">لورم ایپسوم متن ساختگی با تولید سادگی نامفهوم از صنعت چاپ، و با استفاده از طراحان گرافیک است، چاپگرها و متون بلکه روزنامه و مجله در ستون و سطرآنچنان که لازم است، و برای شرایط فعلی تکنولوژی مورد نیاز، و کاربردهای متنوع با هدف بهبود ابزارهای کاربردی می باشد، کتابهای زیادی در شصت و سه درصد گذشته حال و آینده، شناخت فراوان جامعه و متخصصان را می طلبد، تا با نرم افزارها شناخت بیشتری را برای طراحان رایانه ای علی الخصوص طراحان خلاقی، و فرهنگ پیشرو در زبان فارسی ایجاد کرد، در این صورت می توان امید داشت که تمام و دشواری موجود در ارائه راهکارها، و شرایط سخت تایپ به پایان رسد و زمان مورد نیاز شامل حروفچینی دستاوردهای اصلی، و جوابگوی سوالات پیوسته اهل دنیای موجود طراحی اساسا مورد استفاده قرار گیرد.</p>\r\n\r\n<p dir=\"rtl\" style=\"text-align:center\"><img alt=\"\" src=\"/media/images/ckeditor/upload_files/2023/07/02/5cea6bf32af25af8b84c7cd5aba83802a52c00b8_1613571762d44d72cd-cd71-_grptxwm.jpg\" style=\"height:800px; width:800px\" /></p>\r\n\r\n<p dir=\"rtl\" style=\"text-align:justify\">لورم ایپسوم متن ساختگی با تولید سادگی نامفهوم از صنعت چاپ، و با استفاده از طراحان گرافیک است، چاپگرها و متون بلکه روزنامه و مجله در ستون و سطرآنچنان که لازم است، و برای شرایط فعلی تکنولوژی مورد نیاز، و کاربردهای متنوع با هدف بهبود ابزارهای کاربردی می باشد، کتابهای زیادی در شصت و سه درصد گذشته حال و آینده، شناخت فراوان جامعه و متخصصان را می طلبد، تا با نرم افزارها شناخت بیشتری را برای طراحان رایانه ای علی الخصوص طراحان خلاقی، و فرهنگ پیشرو در زبان فارسی ایجاد کرد، در این صورت می توان امید داشت که تمام و دشواری موجود در ارائه راهکارها، و شرایط سخت تایپ به پایان رسد و زمان مورد نیاز شامل حروفچینی دستاوردهای اصلی، و جوابگوی سوالات پیوسته اهل دنیای موجود طراحی اساسا مورد استفاده قرار گیرد.</p>", "product_image": "images/product/0df1db34070c6347bdb546de5a4ee31b9b28eba5_161357175939daba61-a952-_GFL5PmZ_n90aSIE.jpg", "product_price": 25000, "product_isactive": true, "product_slug": "milk-pak-t-1-1li", "product_registerdate": "2023-07-02T06:55:21.092", "product_publish_date": "2023-07-02T06:51:12", "product_expire_date": "2024-07-02", "product_update_date": "2023-07-02T06:55:21.092", "product_brand": 1, "product_group": [6]}}, {"model": "products.product", "pk": 2, "fields": {"product_name": "شیر محلی طراوت  نوع ۱", "product_summery_description": "<p dir=\"rtl\" style=\"text-align:justify\">لورم ایپسوم متن ساختگی با تولید سادگی نامفهوم از صنعت چاپ، و با استفاده از طراحان گرافیک است، چاپگرها و متون بلکه روزنامه و مجله در ستون و سطرآنچنان که لازم است، و برای شرایط فعلی تکنولوژی مورد نیاز، و کاربردهای متنوع با هدف بهبود ابزارهای کاربردی می باشد، کتابهای زیادی در شصت و سه درصد گذشته حال و آینده، شناخت فراوان جامعه و متخصصان را می طلبد، تا با نرم افزارها شناخت بیشتری را برای طراحان رایانه ای علی الخصوص طراحان خلاقی، و فرهنگ پیشرو در زبان فارسی ایجاد کرد، در این صورت می توان امید داشت که تمام و دشواری موجود در ارائه راهکارها، و شرایط سخت تایپ به پایان رسد و زمان مورد نیاز شامل حروفچینی دستاوردهای اصلی، و جوابگوی سوالات پیوسته اهل دنیای موجود طراحی اساسا مورد استفاده قرار گیرد.</p>", "product_description": "<p dir=\"rtl\" style=\"text-align:justify\">لورم ایپسوم متن ساختگی با تولید سادگی نامفهوم از صنعت چاپ، و با استفاده از طراحان گرافیک است، چاپگرها و متون بلکه روزنامه و مجله در ستون و سطرآنچنان که لازم است، و برای شرایط فعلی تکنولوژی مورد نیاز، و کاربردهای متنوع با هدف بهبود ابزارهای کاربردی می باشد، کتابهای زیادی در شصت و سه درصد گذشته حال و آینده، شناخت فراوان جامعه و متخصصان را می طلبد، تا با نرم افزارها شناخت بیشتری را برای طراحان رایانه ای علی الخصوص طراحان خلاقی، و فرهنگ پیشرو در زبان فارسی ایجاد کرد، در این صورت می توان امید داشت که تمام و دشواری موجود در ارائه راهکارها، و شرایط سخت تایپ به پایان رسد و زمان مورد نیاز شامل حروفچینی دستاوردهای اصلی، و جوابگوی سوالات پیوسته اهل دنیای موجود طراحی اساسا مورد استفاده قرار گیرد.</p>\r\n\r\n<p dir=\"rtl\" style=\"text-align:center\"><img alt=\"\" src=\"/media/images/ckeditor/upload_files/2023/07/02/4c35effca4ab8063f4b12222d66b4af7a6bb20ec_1624694611f271edf5-a169-_xiqz7xr.jpg\" style=\"height:800px; width:800px\" /></p>\r\n\r\n<p dir=\"rtl\" style=\"text-align:justify\">لورم ایپسوم متن ساختگی با تولید سادگی نامفهوم از صنعت چاپ، و با استفاده از طراحان گرافیک است، چاپگرها و متون بلکه روزنامه و مجله در ستون و سطرآنچنان که لازم است، و برای شرایط فعلی تکنولوژی مورد نیاز، و کاربردهای متنوع با هدف بهبود ابزارهای کاربردی می باشد، کتابهای زیادی در شصت و سه درصد گذشته حال و آینده، شناخت فراوان جامعه و متخصصان را می طلبد، تا با نرم افزارها شناخت بیشتری را برای طراحان رایانه ای علی الخصوص طراحان خلاقی، و فرهنگ پیشرو در زبان فارسی ایجاد کرد، در این صورت می توان امید داشت که تمام و دشواری موجود در ارائه راهکارها، و شرایط سخت تایپ به پایان رسد و زمان مورد نیاز شامل حروفچینی دستاوردهای اصلی، و جوابگوی سوالات پیوسته اهل دنیای موجود طراحی اساسا مورد استفاده قرار گیرد.</p>\r\n\r\n<p dir=\"rtl\" style=\"text-align:center\"><img alt=\"\" src=\"/media/images/ckeditor/upload_files/2023/07/02/8ea2c11047598ad9455dd2514c4ace97a5eca18e_16246946144b17db89-e1fd-_tgekkyj.jpg\" style=\"height:800px; width:800px\" /></p>\r\n\r\n<p dir=\"rtl\" style=\"text-align:justify\">لورم ایپسوم متن ساختگی با تولید سادگی نامفهوم از صنعت چاپ، و با استفاده از طراحان گرافیک است، چاپگرها و متون بلکه روزنامه و مجله در ستون و سطرآنچنان که لازم است، و برای شرایط فعلی تکنولوژی مورد نیاز، و کاربردهای متنوع با هدف بهبود ابزارهای کاربردی می باشد، کتابهای زیادی در شصت و سه درصد گذشته حال و آینده، شناخت فراوان جامعه و متخصصان را می طلبد، تا با نرم افزارها شناخت بیشتری را برای طراحان رایانه ای علی الخصوص طراحان خلاقی، و فرهنگ پیشرو در زبان فارسی ایجاد کرد، در این صورت می توان امید داشت که تمام و دشواری موجود در ارائه راهکارها، و شرایط سخت تایپ به پایان رسد و زمان مورد نیاز شامل حروفچینی دستاوردهای اصلی، و جوابگوی سوالات پیوسته اهل دنیای موجود طراحی اساسا مورد استفاده قرار گیرد.</p>", "product_image": "images/product/8ea2c11047598ad9455dd2514c4ace97a5eca18e_16246946144396f53c-205d-4302-a93_I973BZ7.jpg", "product_price": 35000, "product_isactive": true, "product_slug": "milk-taravat-t-1-1li", "product_registerdate": "2023-07-02T07:01:15.698", "product_publish_date": "2023-07-02T07:00:36", "product_expire_date": "2023-09-02", "product_update_date": "2023-07-02T07:02:28.831", "product_brand": 4, "product_group": [6]}}, {"model": "products.product", "pk": 3, "fields": {"product_name": "ماست میهن نوع ۱", "product_summery_description": "<p dir=\"rtl\" style=\"text-align:justify\">لورم ایپسوم متن ساختگی با تولید سادگی نامفهوم از صنعت چاپ، و با استفاده از طراحان گرافیک است، چاپگرها و متون بلکه روزنامه و مجله در ستون و سطرآنچنان که لازم است، و برای شرایط فعلی تکنولوژی مورد نیاز، و کاربردهای متنوع با هدف بهبود ابزارهای کاربردی می باشد، کتابهای زیادی در شصت و سه درصد گذشته حال و آینده، شناخت فراوان جامعه و متخصصان را می طلبد، تا با نرم افزارها شناخت بیشتری را برای طراحان رایانه ای علی الخصوص طراحان خلاقی، و فرهنگ پیشرو در زبان فارسی ایجاد کرد، در این صورت می توان امید داشت که تمام و دشواری موجود در ارائه راهکارها، و شرایط سخت تایپ به پایان رسد و زمان مورد نیاز شامل حروفچینی دستاوردهای اصلی، و جوابگوی سوالات پیوسته اهل دنیای موجود طراحی اساسا مورد استفاده قرار گیرد.</p>", "product_description": "<p dir=\"rtl\" style=\"text-align:justify\">لورم ایپسوم متن ساختگی با تولید سادگی نامفهوم از صنعت چاپ، و با استفاده از طراحان گرافیک است، چاپگرها و متون بلکه روزنامه و مجله در ستون و سطرآنچنان که لازم است، و برای شرایط فعلی تکنولوژی مورد نیاز، و کاربردهای متنوع با هدف بهبود ابزارهای کاربردی می باشد، کتابهای زیادی در شصت و سه درصد گذشته حال و آینده، شناخت فراوان جامعه و متخصصان را می طلبد، تا با نرم افزارها شناخت بیشتری را برای طراحان رایانه ای علی الخصوص طراحان خلاقی، و فرهنگ پیشرو در زبان فارسی ایجاد کرد، در این صورت می توان امید داشت که تمام و دشواری موجود در ارائه راهکارها، و شرایط سخت تایپ به پایان رسد و زمان مورد نیاز شامل حروفچینی دستاوردهای اصلی، و جوابگوی سوالات پیوسته اهل دنیای موجود طراحی اساسا مورد استفاده قرار گیرد.</p>\r\n\r\n<p dir=\"rtl\" style=\"text-align:center\"><img alt=\"\" src=\"/media/images/ckeditor/upload_files/2023/07/02/mihan-box-t-304408471-12b7-4954-afcc-fc52ec40b5bb.jpeg\" style=\"height:438px; width:800px\" /></p>\r\n\r\n<p dir=\"rtl\" style=\"text-align:justify\">لورم ایپسوم متن ساختگی با تولید سادگی نامفهوم از صنعت چاپ، و با استفاده از طراحان گرافیک است، چاپگرها و متون بلکه روزنامه و مجله در ستون و سطرآنچنان که لازم است، و برای شرایط فعلی تکنولوژی مورد نیاز، و کاربردهای متنوع با هدف بهبود ابزارهای کاربردی می باشد، کتابهای زیادی در شصت و سه درصد گذشته حال و آینده، شناخت فراوان جامعه و متخصصان را می طلبد، تا با نرم افزارها شناخت بیشتری را برای طراحان رایانه ای علی الخصوص طراحان خلاقی، و فرهنگ پیشرو در زبان فارسی ایجاد کرد، در این صورت می توان امید داشت که تمام و دشواری موجود در ارائه راهکارها، و شرایط سخت تایپ به پایان رسد و زمان مورد نیاز شامل حروفچینی دستاوردهای اصلی، و جوابگوی سوالات پیوسته اهل دنیای موجود طراحی اساسا مورد استفاده قرار گیرد.</p>\r\n\r\n<p dir=\"rtl\" style=\"text-align:center\"><img alt=\"\" src=\"/media/images/ckeditor/upload_files/2023/07/02/mihan-box-t-2f4864f1b-644a-4c02-95e6-69452c2eafbe.jpeg\" style=\"height:438px; width:800px\" /></p>\r\n\r\n<p dir=\"rtl\" style=\"text-align:justify\">لورم ایپسوم متن ساختگی با تولید سادگی نامفهوم از صنعت چاپ، و با استفاده از طراحان گرافیک است، چاپگرها و متون بلکه روزنامه و مجله در ستون و سطرآنچنان که لازم است، و برای شرایط فعلی تکنولوژی مورد نیاز، و کاربردهای متنوع با هدف بهبود ابزارهای کاربردی می باشد، کتابهای زیادی در شصت و سه درصد گذشته حال و آینده، شناخت فراوان جامعه و متخصصان را می طلبد، تا با نرم افزارها شناخت بیشتری را برای طراحان رایانه ای علی الخصوص طراحان خلاقی، و فرهنگ پیشرو در زبان فارسی ایجاد کرد، در این صورت می توان امید داشت که تمام و دشواری موجود در ارائه راهکارها، و شرایط سخت تایپ به پایان رسد و زمان مورد نیاز شامل حروفچینی دستاوردهای اصلی، و جوابگوی سوالات پیوسته اهل دنیای موجود طراحی اساسا مورد استفاده قرار گیرد.</p>", "product_image": "images/product/mihan-box-t-1e933b4d0-f559-49d3-85c5-6ec5ff5863ff7874b388-0ab5-489e-bfc7_BHkdB0x.jpeg", "product_price": 64000, "product_isactive": true, "product_slug": "yugert-mihan-t-1", "product_registerdate": "2023-07-02T07:13:02.020", "product_publish_date": "2023-07-02T07:12:46", "product_expire_date": "2023-10-02", "product_update_date": "2023-07-02T07:13:02.020", "product_brand": 5, "product_group": [3]}}, {"model": "products.featurevalue", "pk": 1, "fields": {"value_title": "پاستوریزه", "feature": 1}}, {"model": "products.featurevalue", "pk": 2, "fields": {"value_title": "کم چرب", "feature": 2}}, {"model": "products.featurevalue", "pk": 3, "fields": {"value_title": "پرچرب", "feature": 2}}, {"model": "products.featurevalue", "pk": 4, "fields": {"value_title": "محلی", "feature": 1}}, {"model": "products.featurevalue", "pk": 5, "fields": {"value_title": "زرد", "feature": 3}}, {"model": "products.featurevalue", "pk": 6, "fields": {"value_title": "مشکی", "feature": 3}}, {"model": "products.productfeature", "pk": 1, "fields": {"value": "پاستوریزه", "product_feature_product": 1, "product_feature_feature": 1, "filter_value": 1}}, {"model": "products.productfeature", "pk": 2, "fields": {"value": "کم چرب", "product_feature_product": 1, "product_feature_feature": 2, "filter_value": 3}}, {"model": "products.productfeature", "pk": 3, "fields": {"value": "محلی", "product_feature_product": 2, "product_feature_feature": 1, "filter_value": 4}}, {"model": "products.productfeature", "pk": 4, "fields": {"value": "پو چرب", "product_feature_product": 3, "product_feature_feature": 1, "filter_value": 3}}, {"model": "products.productfeature", "pk": 5, "fields": {"value": "پاستوریزه", "product_feature_product": 3, "product_feature_feature": 1, "filter_value": 1}}, {"model": "products.productgallary", "pk": 1, "fields": {"product_gallary_product": 1, "product_gallary_image": "images/product_gallary/0df1db34070c6347bdb546de5a4ee31b9b28eba5_161357175939daba61-a952-_rJe1LVL.jpg"}}, {"model": "products.productgallary", "pk": 2, "fields": {"product_gallary_product": 1, "product_gallary_image": "images/product_gallary/5cea6bf32af25af8b84c7cd5aba83802a52c00b8_1613571762d44d72cd-cd71-_I6Z9kWZ.jpg"}}, {"model": "products.productgallary", "pk": 3, "fields": {"product_gallary_product": 2, "product_gallary_image": "images/product_gallary/8ea2c11047598ad9455dd2514c4ace97a5eca18e_16246946144b17db89-e1fd-_8F6E5vb.jpg"}}, {"model": "products.productgallary", "pk": 4, "fields": {"product_gallary_product": 2, "product_gallary_image": "images/product_gallary/4c35effca4ab8063f4b12222d66b4af7a6bb20ec_1624694611f271edf5-a169-_sYvnwbf.jpg"}}, {"model": "products.productgallary", "pk": 5, "fields": {"product_gallary_product": 3, "product_gallary_image": "images/product_gallary/mihan-box-t-14b91a5ef-165c-4654-94fc-8f75e17649737faae1af-c2c8-4_I6iIhb0.jpeg"}}, {"model": "products.productgallary", "pk": 6, "fields": {"product_gallary_product": 3, "product_gallary_image": "images/product_gallary/mihan-box-t-304408471-12b7-4954-afcc-fc52ec40b5bbc23ddce3-1594-4_5s3qXxG.jpeg"}}, {"model": "discounts.coupon", "pk": 1, "fields": {"coupon_code": "sum_ta_30", "start_date": "2023-07-02T07:21:07", "end_date": "2023-08-02T07:21:10", "discount": 30, "is_active": true}}, {"model": "orders.paymenttype", "pk": 1, "fields": {"pyment_title": "پرداخت بانکی"}}, {"model": "orders.paymenttype", "pk": 2, "fields": {"pyment_title": "پرداخت در محل"}}, {"model": "orders.deilverytime", "pk": 1, "fields": {"delivery_day": "شنبه ۱ مرداد ساعت ۹:۰۰ - ۱۲:۰۰", "is_active": true}}, {"model": "orders.deilverytime", "pk": 2, "fields": {"delivery_day": "شنبه ۱ مرداد ساعت ۱۳:۰۰ - ۱۶:۰۰", "is_active": true}}, {"model": "orders.deilverytime", "pk": 3, "fields": {"delivery_day": "یکشنبه ۲ مرداد ساعت ۹:۰۰ - ۱۲:۰۰", "is_active": true}}, {"model": "orders.deilverytime", "pk": 4, "fields": {"delivery_day": "یکشنبه ۲ مرداد ساعت ۱۳:۰۰ - ۱۶:۰۰", "is_active": true}}, {"model": "orders.deilverytime", "pk": 5, "fields": {"delivery_day": "دوشنبه ۳ مرداد ساعت ۹:۰۰ - ۱۲:۰۰", "is_active": true}}, {"model": "orders.deilverytime", "pk": 6, "fields": {"delivery_day": "دوشنبه ۳ مرداد ساعت ۱۳:۰۰ - ۱۶:۰۰", "is_active": true}}, {"model": "orders.deilverytime", "pk": 7, "fields": {"delivery_day": "سه شنبه ۴ مرداد ساعت ۹:۰۰ - ۱۲:۰۰", "is_active": true}}, {"model": "orders.deilverytime", "pk": 8, "fields": {"delivery_day": "سه شنبه ۴ مرداد ساعت ۱۳:۰۰ - ۱۶:۰۰", "is_active": true}}, {"model": "orders.deilverytime", "pk": 9, "fields": {"delivery_day": "چهارشنبه ۵ مرداد ساعت ۹:۰۰ - ۱۲:۰۰", "is_active": true}}, {"model": "orders.deilverytime", "pk": 10, "fields": {"delivery_day": "چهارشنبه ۵ مرداد ساعت ۱۳:۰۰ - ۱۶:۰۰", "is_active": true}}, {"model": "orders.deilverytime", "pk": 11, "fields": {"delivery_day": "پنجشنبه ۶ مرداد ساعت ۹:۰۰ - ۱۲:۰۰", "is_active": true}}, {"model": "orders.deilverytime", "pk": 12, "fields": {"delivery_day": "پنجشنبه ۶ مرداد ساعت ۱۳:۰۰ - ۱۶:۰۰", "is_active": true}}, {"model": "orders.deilverytime", "pk": 13, "fields": {"delivery_day": "جمعه ۷ مرداد ساعت ۱۳:۰۰ - ۱۸:۰۰", "is_active": true}}, {"model": "orders.order", "pk": 1, "fields": {"register_date": "2023-07-02T07:22:25.828", "update_date": "2023-07-02T07:23:09.846", "is_finally": false, "order_code": "1c3e8024-4310-4328-8389-3e7d44f97fc7", "discount": 30, "discription": "", "customer": 2, "payment_type": 2, "delivery_day": "شنبه ۱ مرداد ساعت ۱۳:۰۰ - ۱۶:۰۰", "is_delivered": false}}, {"model": "orders.order", "pk": 2, "fields": {"register_date": "2023-07-02T07:23:55.886", "update_date": "2023-07-02T07:24:07.359", "is_finally": false, "order_code": "a4c3fcc5-7991-40b1-84d0-3ff2fca4119c", "discount": 0, "discription": "", "customer": 2, "payment_type": 1, "delivery_day": "سه شنبه ۴ مرداد ساعت ۱۳:۰۰ - ۱۶:۰۰", "is_delivered": false}}, {"model": "orders.order", "pk": 3, "fields": {"register_date": "2023-07-30T07:27:21.309", "update_date": "2023-07-30T07:27:51.119", "is_finally": false, "order_code": "b9ae0ad9-b36b-4916-902d-c816728d2295", "discount": 0, "discription": "", "customer": 2, "payment_type": 2, "delivery_day": "شنبه ۱ مرداد ساعت ۹:۰۰ - ۱۲:۰۰", "is_delivered": false}}, {"model": "orders.orderdetails", "pk": 1, "fields": {"order": 1, "product": 2, "number": 1, "price": 35000}}, {"model": "orders.orderdetails", "pk": 2, "fields": {"order": 2, "product": 1, "number": 1, "price": 25000}}, {"model": "orders.orderdetails", "pk": 3, "fields": {"order": 3, "product": 2, "number": 2, "price": 35000}}, {"model": "payments.payment", "pk": 1, "fields": {"order": 1, "customer": 2, "register_date": "2023-07-02T07:23:09.856", "update_date": "2023-07-02T07:23:09.857", "amount": 267050, "discription": "پرداخت در محل انجام خواهد شد", "is_finaly": false, "status_code": null, "ref_id": null}}, {"model": "payments.payment", "pk": 2, "fields": {"order": 2, "customer": 2, "register_date": "2023-07-02T07:24:07.387", "update_date": "2023-07-02T07:24:07.389", "amount": 272500, "discription": "پرداخت از طریق درگاه زرین پال انجام شد", "is_finaly": false, "status_code": null, "ref_id": null}}, {"model": "payments.payment", "pk": 3, "fields": {"order": 3, "customer": 2, "register_date": "2023-07-30T07:27:51.127", "update_date": "2023-07-30T07:27:51.127", "amount": 763000, "discription": "پرداخت در محل انجام خواهد شد", "is_finaly": false, "status_code": null, "ref_id": null}}, {"model": "scoring.scoring", "pk": 1, "fields": {"product": 2, "scoring_user": 2, "register_date": "2023-07-02T07:15:08.647", "score": 4}}, {"model": "favorite.favorite", "pk": 1, "fields": {"product": 2, "user_favorite": 2, "register_date": "2023-07-02T07:14:25.079"}}, {"model": "favorite.favorite", "pk": 2, "fields": {"product": 3, "user_favorite": 2, "register_date": "2023-07-02T07:14:41.066"}}, {"model": "favorite.favorite", "pk": 3, "fields": {"product": 1, "user_favorite": 2, "register_date": "2023-07-30T07:31:06.166"}}, {"model": "comments.comment", "pk": 1, "fields": {"product": 2, "user": 2, "user_admin": 1, "comment_parent": null, "user_comment": "لورم ایپسوم متن ساختگی با تولید سادگی نامفهوم از صنعت چاپ، و با استفاده از طراحان گرافیک است، چاپگرها و متون بلکه روزنامه و مجله در ستون و سطرآنچنان که لازم است، و برای شرایط فعلی تکنولوژی مورد نیاز، و کاربردهای متنوع با هدف بهبود ابزارهای کاربردی می باشد، کتابهای زیادی در شصت و سه درصد گذشته حال و آینده، شناخت فراوان جامعه و متخصصان را می طلبد، تا با نرم افزارها شناخت بیشتری را برای طراحان رایانه ای علی الخصوص طراحان خلاقی، و فرهنگ پیشرو در زبان فارسی ایجاد کرد، در این صورت می توان امید داشت که تمام و دشواری موجود در ارائه راهکارها، و شرایط سخت تایپ به پایان رسد و زمان مورد نیاز شامل حروفچینی دستاوردهای اصلی، و جوابگوی سوالات پیوسته اهل دنیای موجود طراحی اساسا مورد استفاده قرار گیرد.", "register_date": "2023-07-02T07:15:33.833", "is_active": true}}, {"model": "comments.comment", "pk": 2, "fields": {"product": 2, "user": 2, "user_admin": 1, "comment_parent": null, "user_comment": "لورم ایپسوم متن ساختگی با تولید سادگی نامفهوم از صنعت چاپ، و با استفاده از طراحان گرافیک است، چاپگرها و متون بلکه روزنامه و مجله در ستون و سطرآنچنان که لازم است، و برای شرایط فعلی تکنولوژی مورد نیاز، و کاربردهای متنوع با هدف بهبود ابزارهای کاربردی می باشد، کتابهای زیادی در شصت و سه درصد گذشته حال و آینده، شناخت فراوان جامعه و متخصصان را می طلبد، تا با نرم افزارها شناخت بیشتری را برای طراحان رایانه ای علی الخصوص طراحان خلاقی، و فرهنگ پیشرو در زبان فارسی ایجاد کرد، در این صورت می توان امید داشت که تمام و دشواری موجود در ارائه راهکارها، و شرایط سخت تایپ به پایان رسد و زمان مورد نیاز شامل حروفچینی دستاوردهای اصلی، و جوابگوی سوالات پیوسته اهل دنیای موجود طراحی اساسا مورد استفاده قرار گیرد.", "register_date": "2023-07-02T07:15:47.154", "is_active": true}}, {"model": "comments.comment", "pk": 3, "fields": {"product": 2, "user": 1, "user_admin": null, "comment_parent": 1, "user_comment": "لورم ایپسوم متن ساختگی با تولید سادگی نامفهوم از صنعت چاپ، و با استفاده از طراحان گرافیک است، چاپگرها و متون بلکه روزنامه و مجله در ستون و سطرآنچنان که لازم است، و برای شرایط فعلی تکنولوژی مورد نیاز، و کاربردهای متنوع با هدف بهبود ابزارهای کاربردی می باشد، کتابهای زیادی در شصت و سه درصد گذشته حال و آینده، شناخت فراوان جامعه و متخصصان را می طلبد، تا با نرم افزارها شناخت بیشتری را برای طراحان رایانه ای علی الخصوص طراحان خلاقی، و فرهنگ پیشرو در زبان فارسی ایجاد کرد، در این صورت می توان امید داشت که تمام و دشواری موجود در ارائه راهکارها، و شرایط سخت تایپ به پایان رسد و زمان مورد نیاز شامل حروفچینی دستاوردهای اصلی، و جوابگوی سوالات پیوسته اهل دنیای موجود طراحی اساسا مورد استفاده قرار گیرد.", "register_date": "2023-07-02T07:16:57.423", "is_active": true}}, {"model": "comments.comment", "pk": 4, "fields": {"product": 2, "user": 1, "user_admin": null, "comment_parent": 1, "user_comment": "لورم ایپسوم متن ساختگی با تولید سادگی نامفهوم از صنعت چاپ، و با استفاده از طراحان گرافیک است، چاپگرها و متون بلکه روزنامه و مجله در ستون و سطرآنچنان که لازم است، و برای شرایط فعلی تکنولوژی مورد نیاز، و کاربردهای متنوع با هدف بهبود ابزارهای کاربردی می باشد، کتابهای زیادی در شصت و سه درصد گذشته حال و آینده، شناخت فراوان جامعه و متخصصان را می طلبد، تا با نرم افزارها شناخت بیشتری را برای طراحان رایانه ای علی الخصوص طراحان خلاقی، و فرهنگ پیشرو در زبان فارسی ایجاد کرد، در این صورت می توان امید داشت که تمام و دشواری موجود در ارائه راهکارها، و شرایط سخت تایپ به پایان رسد و زمان مورد نیاز شامل حروفچینی دستاوردهای اصلی، و جوابگوی سوالات پیوسته اهل دنیای موجود طراحی اساسا مورد استفاده قرار گیرد.", "register_date": "2023-07-02T07:17:08.061", "is_active": true}}, {"model": "warehouses.warehousetype", "pk": 1, "fields": {"warehouse_type_title": "خرید"}}, {"model": "warehouses.warehousetype", "pk": 2, "fields": {"warehouse_type_title": "فروش"}}, {"model": "warehouses.warehouse", "pk": 1, "fields": {"warehouse_type": 1, "user_register": 1, "product": 1, "number": 10, "price": 23500, "register_date": "2023-07-02T07:05:36.207"}}, {"model": "warehouses.warehouse", "pk": 2, "fields": {"warehouse_type": 1, "user_register": 1, "product": 2, "number": 3, "price": 31800, "register_date": "2023-07-02T07:06:02.890"}}, {"model": "warehouses.warehouse", "pk": 3, "fields": {"warehouse_type": 2, "user_register": 2, "product": 2, "number": 1, "price": 35000, "register_date": "2023-07-02T07:23:09.863"}}, {"model": "warehouses.warehouse", "pk": 4, "fields": {"warehouse_type": 2, "user_register": 2, "product": 2, "number": 2, "price": 35000, "register_date": "2023-07-30T07:27:51.132"}}, {"model": "blogs.author", "pk": 1, "fields": {"author_name": "حمید", "author_family": "عزیزان", "author_slug": "hamid-azizian", "author_email": "hamid-azizian@gmail.com", "author_phone": "09122222222", "auhtor_is_active": true}}, {"model": "blogs.author", "pk": 2, "fields": {"author_name": "فاطمه", "author_family": "متولی", "author_slug": "fatemeh-motavali", "author_email": "fatemeh-motavali@gmail.com", "author_phone": "09123333333", "auhtor_is_active": true}}, {"model": "blogs.bloggroup", "pk": 1, "fields": {"group_title": "آموزشی"}}, {"model": "blogs.bloggroup", "pk": 2, "fields": {"group_title": "علمی"}}, {"model": "blogs.bloggroup", "pk": 3, "fields": {"group_title": "اطلاع رسانی"}}, {"model": "blogs.blog", "pk": 1, "fields": {"blog_title": "انواع ماست", "blog_main_image": "images/blog/yugert_1800d849e-591d-4436-9d22-1f9d83c2284722c24063-2779-4039-8be3-81ad2a6bf821.jpeg", "blog_slug": "various-yugerts", "blog_short_text": "لورم ایپسوم متن ساختگی با تولید سادگی نامفهوم از صنعت چاپ، و با استفاده از طراحان گرافیک است، چاپگرها و متون بلکه روزنامه و مجله در ستون و سطرآنچنان که لازم است، و برای شرایط فعلی تکنولوژی مورد نیاز، و کاربردهای متنوع با هدف بهبود ابزارهای کاربردی می باشد، کتابهای زیادی در شصت و سه درصد گذشته حال و آینده، شناخت فراوان جامعه و متخصصان را می طلبد", "blog_main_text": "<p dir=\"rtl\" style=\"text-align:justify\">لورم ایپسوم متن ساختگی با تولید سادگی نامفهوم از صنعت چاپ، و با استفاده از طراحان گرافیک است، چاپگرها و متون بلکه روزنامه و مجله در ستون و سطرآنچنان که لازم است، و برای شرایط فعلی تکنولوژی مورد نیاز، و کاربردهای متنوع با هدف بهبود ابزارهای کاربردی می باشد، کتابهای زیادی در شصت و سه درصد گذشته حال و آینده، شناخت فراوان جامعه و متخصصان را می طلبد، تا با نرم افزارها شناخت بیشتری را برای طراحان رایانه ای علی الخصوص طراحان خلاقی، و فرهنگ پیشرو در زبان فارسی ایجاد کرد، در این صورت می توان امید داشت که تمام و دشواری موجود در ارائه راهکارها، و شرایط سخت تایپ به پایان رسد و زمان مورد نیاز شامل حروفچینی دستاوردهای اصلی، و جوابگوی سوالات پیوسته اهل دنیای موجود طراحی اساسا مورد استفاده قرار گیرد.</p>\r\n\r\n<p dir=\"rtl\" style=\"text-align:center\"><img alt=\"\" src=\"/media/images/ckeditor/upload_files/2023/07/02/yugert_2c5051839-ed33-4924-b57f-c27f3fbaa369.jpeg\" style=\"height:600px; width:600px\" /></p>\r\n\r\n<p dir=\"rtl\" style=\"text-align:justify\">لورم ایپسوم متن ساختگی با تولید سادگی نامفهوم از صنعت چاپ، و با استفاده از طراحان گرافیک است، چاپگرها و متون بلکه روزنامه و مجله در ستون و سطرآنچنان که لازم است، و برای شرایط فعلی تکنولوژی مورد نیاز، و کاربردهای متنوع با هدف بهبود ابزارهای کاربردی می باشد، کتابهای زیادی در شصت و سه درصد گذشته حال و آینده، شناخت فراوان جامعه و متخصصان را می طلبد، تا با نرم افزارها شناخت بیشتری را برای طراحان رایانه ای علی الخصوص طراحان خلاقی، و فرهنگ پیشرو در زبان فارسی ایجاد کرد، در این صورت می توان امید داشت که تمام و دشواری موجود در ارائه راهکارها، و شرایط سخت تایپ به پایان رسد و زمان مورد نیاز شامل حروفچینی دستاوردهای اصلی، و جوابگوی سوالات پیوسته اهل دنیای موجود طراحی اساسا مورد استفاده قرار گیرد.</p>\r\n\r\n<p dir=\"rtl\" style=\"text-align:center\"><img alt=\"\" src=\"/media/images/ckeditor/upload_files/2023/07/02/yugert_3a5a989dc-7c7c-44fc-a4de-9f6a1e736c07.jpeg\" style=\"height:600px; width:600px\" /></p>\r\n\r\n<p dir=\"rtl\" style=\"text-align:justify\">لورم ایپسوم متن ساختگی با تولید سادگی نامفهوم از صنعت چاپ، و با استفاده از طراحان گرافیک است، چاپگرها و متون بلکه روزنامه و مجله در ستون و سطرآنچنان که لازم است، و برای شرایط فعلی تکنولوژی مورد نیاز، و کاربردهای متنوع با هدف بهبود ابزارهای کاربردی می باشد، کتابهای زیادی در شصت و سه درصد گذشته حال و آینده، شناخت فراوان جامعه و متخصصان را می طلبد، تا با نرم افزارها شناخت بیشتری را برای طراحان رایانه ای علی الخصوص طراحان خلاقی، و فرهنگ پیشرو در زبان فارسی ایجاد کرد، در این صورت می توان امید داشت که تمام و دشواری موجود در ارائه راهکارها، و شرایط سخت تایپ به پایان رسد و زمان مورد نیاز شامل حروفچینی دستاوردهای اصلی، و جوابگوی سوالات پیوسته اهل دنیای موجود طراحی اساسا مورد استفاده قرار گیرد.</p>\r\n\r\n<p dir=\"rtl\" style=\"text-align:center\"><img alt=\"\" src=\"/media/images/ckeditor/upload_files/2023/07/02/yugert_4a69ed1f5-b9a0-4f39-912e-327b2643f16c.jpeg\" style=\"height:425px; width:600px\" /></p>\r\n\r\n<p dir=\"rtl\" style=\"text-align:justify\">لورم ایپسوم متن ساختگی با تولید سادگی نامفهوم از صنعت چاپ، و با استفاده از طراحان گرافیک است، چاپگرها و متون بلکه روزنامه و مجله در ستون و سطرآنچنان که لازم است، و برای شرایط فعلی تکنولوژی مورد نیاز، و کاربردهای متنوع با هدف بهبود ابزارهای کاربردی می باشد، کتابهای زیادی در شصت و سه درصد گذشته حال و آینده، شناخت فراوان جامعه و متخصصان را می طلبد، تا با نرم افزارها شناخت بیشتری را برای طراحان رایانه ای علی الخصوص طراحان خلاقی، و فرهنگ پیشرو در زبان فارسی ایجاد کرد، در این صورت می توان امید داشت که تمام و دشواری موجود در ارائه راهکارها، و شرایط سخت تایپ به پایان رسد و زمان مورد نیاز شامل حروفچینی دستاوردهای اصلی، و جوابگوی سوالات پیوسته اهل دنیای موجود طراحی اساسا مورد استفاده قرار گیرد.</p>", "blog_register_date": "2023-07-02T06:17:59.313", "blog_publish_date": "2023-07-02T06:12:59", "blog_update_date": "2023-07-29T13:55:31.703", "blog_is_active": true, "blog_view_number": 9, "blog_group": 3, "blog_related_product": null, "blog_author": [2]}}, {"model": "blogs.blog", "pk": 2, "fields": {"blog_title": "انواع نان", "blog_main_image": "images/blog/sanghak_10358419c-c8de-46b6-8023-acfa646b70e577eb0439-54e1-403f-85d0-70fb7624a50a.jpeg", "blog_slug": "various-breads", "blog_short_text": "لورم ایپسوم متن ساختگی با تولید سادگی نامفهوم از صنعت چاپ، و با استفاده از طراحان گرافیک است، چاپگرها و متون بلکه روزنامه و مجله در ستون و سطرآنچنان که لازم است، و برای شرایط فعلی تکنولوژی مورد نیاز، و کاربردهای متنوع با هدف بهبود ابزارهای کاربردی می باشد، کتابهای زیادی در شصت و سه درصد گذشته حال و آینده، شناخت فراوان جامعه و متخصصان را می طلبد", "blog_main_text": "<p dir=\"rtl\" style=\"text-align:justify\">لورم ایپسوم متن ساختگی با تولید سادگی نامفهوم از صنعت چاپ، و با استفاده از طراحان گرافیک است، چاپگرها و متون بلکه روزنامه و مجله در ستون و سطرآنچنان که لازم است، و برای شرایط فعلی تکنولوژی مورد نیاز، و کاربردهای متنوع با هدف بهبود ابزارهای کاربردی می باشد، کتابهای زیادی در شصت و سه درصد گذشته حال و آینده، شناخت فراوان جامعه و متخصصان را می طلبد، تا با نرم افزارها شناخت بیشتری را برای طراحان رایانه ای علی الخصوص طراحان خلاقی، و فرهنگ پیشرو در زبان فارسی ایجاد کرد، در این صورت می توان امید داشت که تمام و دشواری موجود در ارائه راهکارها، و شرایط سخت تایپ به پایان رسد و زمان مورد نیاز شامل حروفچینی دستاوردهای اصلی، و جوابگوی سوالات پیوسته اهل دنیای موجود طراحی اساسا مورد استفاده قرار گیرد.</p>\r\n\r\n<p dir=\"rtl\" style=\"text-align:center\"><img alt=\"\" src=\"/media/images/ckeditor/upload_files/2023/07/02/sanghak_182e87d07-22f3-44f8-b36a-d4c3ee71ea2d.jpeg\" style=\"height:400px; width:600px\" /></p>\r\n\r\n<p dir=\"rtl\" style=\"text-align:justify\">لورم ایپسوم متن ساختگی با تولید سادگی نامفهوم از صنعت چاپ، و با استفاده از طراحان گرافیک است، چاپگرها و متون بلکه روزنامه و مجله در ستون و سطرآنچنان که لازم است، و برای شرایط فعلی تکنولوژی مورد نیاز، و کاربردهای متنوع با هدف بهبود ابزارهای کاربردی می باشد، کتابهای زیادی در شصت و سه درصد گذشته حال و آینده، شناخت فراوان جامعه و متخصصان را می طلبد، تا با نرم افزارها شناخت بیشتری را برای طراحان رایانه ای علی الخصوص طراحان خلاقی، و فرهنگ پیشرو در زبان فارسی ایجاد کرد، در این صورت می توان امید داشت که تمام و دشواری موجود در ارائه راهکارها، و شرایط سخت تایپ به پایان رسد و زمان مورد نیاز شامل حروفچینی دستاوردهای اصلی، و جوابگوی سوالات پیوسته اهل دنیای موجود طراحی اساسا مورد استفاده قرار گیرد.</p>\r\n\r\n<p dir=\"rtl\" style=\"text-align:center\"><img alt=\"\" src=\"/media/images/ckeditor/upload_files/2023/07/02/lavash_19c62b603-e81e-4cc9-83e4-1e3c1bfc3817.jpeg\" style=\"height:333px; width:600px\" /></p>\r\n\r\n<p dir=\"rtl\" style=\"text-align:justify\">لورم ایپسوم متن ساختگی با تولید سادگی نامفهوم از صنعت چاپ، و با استفاده از طراحان گرافیک است، چاپگرها و متون بلکه روزنامه و مجله در ستون و سطرآنچنان که لازم است، و برای شرایط فعلی تکنولوژی مورد نیاز، و کاربردهای متنوع با هدف بهبود ابزارهای کاربردی می باشد، کتابهای زیادی در شصت و سه درصد گذشته حال و آینده، شناخت فراوان جامعه و متخصصان را می طلبد، تا با نرم افزارها شناخت بیشتری را برای طراحان رایانه ای علی الخصوص طراحان خلاقی، و فرهنگ پیشرو در زبان فارسی ایجاد کرد، در این صورت می توان امید داشت که تمام و دشواری موجود در ارائه راهکارها، و شرایط سخت تایپ به پایان رسد و زمان مورد نیاز شامل حروفچینی دستاوردهای اصلی، و جوابگوی سوالات پیوسته اهل دنیای موجود طراحی اساسا مورد استفاده قرار گیرد.</p>\r\n\r\n<p dir=\"rtl\" style=\"text-align:center\"><img alt=\"\" src=\"/media/images/ckeditor/upload_files/2023/07/02/tafton_17863b1eb-70ff-46ea-b954-f0c47a16d505.jpeg\" style=\"height:414px; width:600px\" /></p>\r\n\r\n<p dir=\"rtl\" style=\"text-align:justify\">لورم ایپسوم متن ساختگی با تولید سادگی نامفهوم از صنعت چاپ، و با استفاده از طراحان گرافیک است، چاپگرها و متون بلکه روزنامه و مجله در ستون و سطرآنچنان که لازم است، و برای شرایط فعلی تکنولوژی مورد نیاز، و کاربردهای متنوع با هدف بهبود ابزارهای کاربردی می باشد، کتابهای زیادی در شصت و سه درصد گذشته حال و آینده، شناخت فراوان جامعه و متخصصان را می طلبد، تا با نرم افزارها شناخت بیشتری را برای طراحان رایانه ای علی الخصوص طراحان خلاقی، و فرهنگ پیشرو در زبان فارسی ایجاد کرد، در این صورت می توان امید داشت که تمام و دشواری موجود در ارائه راهکارها، و شرایط سخت تایپ به پایان رسد و زمان مورد نیاز شامل حروفچینی دستاوردهای اصلی، و جوابگوی سوالات پیوسته اهل دنیای موجود طراحی اساسا مورد استفاده قرار گیرد.</p>", "blog_register_date": "2023-07-02T06:21:49.146", "blog_publish_date": "2023-07-02T06:18:12", "blog_update_date": "2023-07-02T06:30:26.287", "blog_is_active": true, "blog_view_number": 16, "blog_group": 1, "blog_related_product": null, "blog_author": [1, 2]}}, {"model": "blogs.tag", "pk": 1, "fields": {"tag_name": "ماست", "blog": 1}}, {"model": "blogs.tag", "pk": 2, "fields": {"tag_name": "ماست پرچرب", "blog": 1}}, {"model": "blogs.tag", "pk": 3, "fields": {"tag_name": "ماست کم چرب", "blog": 1}}, {"model": "blogs.tag", "pk": 4, "fields": {"tag_name": "ماست محلی", "blog": 1}}, {"model": "blogs.tag", "pk": 5, "fields": {"tag_name": "ماست پاستوریزه", "blog": 1}}, {"model": "blogs.tag", "pk": 6, "fields": {"tag_name": "نان", "blog": 2}}, {"model": "blogs.tag", "pk": 7, "fields": {"tag_name": "نان محلی", "blog": 2}}, {"model": "blogs.tag", "pk": 8, "fields": {"tag_name": "نان سنگک", "blog": 2}}, {"model": "blogs.tag", "pk": 9, "fields": {"tag_name": "نان بربری", "blog": 2}}, {"model": "blogs.tag", "pk": 10, "fields": {"tag_name": "نان تافتون", "blog": 2}}, {"model": "blogs.bloggallary", "pk": 1, "fields": {"blog_image": "images/blog_gallary/yugert_4a69ed1f5-b9a0-4f39-912e-327b2643f16cfb7f67fb-049d-4118-b32f_5TzerMN.jpeg", "blog": 1}}, {"model": "blogs.bloggallary", "pk": 2, "fields": {"blog_image": "images/blog_gallary/yugert_2c5051839-ed33-4924-b57f-c27f3fbaa3698bd07730-e538-4ca1-acd4_skgPw88.jpeg", "blog": 1}}, {"model": "blogs.bloggallary", "pk": 3, "fields": {"blog_image": "images/blog_gallary/yugert_3a5a989dc-7c7c-44fc-a4de-9f6a1e736c07caaff828-9be3-4ffe-b532_8oHQvxn.jpeg", "blog": 1}}, {"model": "blogs.bloggallary", "pk": 4, "fields": {"blog_image": "images/blog_gallary/yugert_113119189-063f-46bc-b24d-674ddd95a71319ab24f6-4d52-461f-90f9_6jpNmvN.jpeg", "blog": 1}}, {"model": "blogs.bloggallary", "pk": 5, "fields": {"blog_image": "images/blog_gallary/barbari_142e5014c-56a5-4ece-91e3-f6b7fbbf5ac94e36fbc3-bc2b-461e-921_SCfwois.jpeg", "blog": 2}}, {"model": "blogs.bloggallary", "pk": 6, "fields": {"blog_image": "images/blog_gallary/lavash_19c62b603-e81e-4cc9-83e4-1e3c1bfc3817186c6e3c-2f02-4475-8fde_j0ec4yF.jpeg", "blog": 2}}, {"model": "blogs.bloggallary", "pk": 7, "fields": {"blog_image": "images/blog_gallary/sanghak_182e87d07-22f3-44f8-b36a-d4c3ee71ea2d9649cece-7dad-452f-b14_nBlNOZU.jpeg", "blog": 2}}, {"model": "blogs.bloggallary", "pk": 8, "fields": {"blog_image": "images/blog_gallary/tafton_17863b1eb-70ff-46ea-b954-f0c47a16d505c79a2b8f-eaa7-49b3-840b_j9ZHDRm.jpeg", "blog": 2}}, {"model": "blogs.commentblog", "pk": 1, "fields": {"user_comment": "لورم ایپسوم متن ساختگی با تولید سادگی نامفهوم از صنعت چاپ، و با استفاده از طراحان گرافیک است، چاپگرها و متون بلکه روزنامه و مجله در ستون و سطرآنچنان که لازم است، و برای شرایط فعلی تکنولوژی مورد نیاز، و کاربردهای متنوع با هدف بهبود ابزارهای کاربردی می باشد، کتابهای زیادی در شصت و سه درصد گذشته حال و آینده، شناخت فراوان جامعه و متخصصان را می طلبد، تا با نرم افزارها شناخت بیشتری را برای طراحان رایانه ای علی الخصوص طراحان خلاقی، و فرهنگ پیشرو در زبان فارسی ایجاد کرد، در این صورت می توان امید داشت که تمام و دشواری موجود در ارائه راهکارها، و شرایط سخت تایپ به پایان رسد و زمان مورد نیاز شامل حروفچینی دستاوردهای اصلی، و جوابگوی سوالات پیوسته اهل دنیای موجود طراحی اساسا مورد استفاده قرار گیرد.", "register_date": "2023-07-02T06:30:13.674", "is_active": true, "blog": 1, "user": 2, "user_admin": null}}, {"model": "blogs.commentblog", "pk": 2, "fields": {"user_comment": "لورم ایپسوم متن ساختگی با تولید سادگی نامفهوم از صنعت چاپ، و با استفاده از طراحان گرافیک است، چاپگرها و متون بلکه روزنامه و مجله در ستون و سطرآنچنان که لازم است، و برای شرایط فعلی تکنولوژی مورد نیاز، و کاربردهای متنوع با هدف بهبود ابزارهای کاربردی می باشد، کتابهای زیادی در شصت و سه درصد گذشته حال و آینده، شناخت فراوان جامعه و متخصصان را می طلبد، تا با نرم افزارها شناخت بیشتری را برای طراحان رایانه ای علی الخصوص طراحان خلاقی، و فرهنگ پیشرو در زبان فارسی ایجاد کرد، در این صورت می توان امید داشت که تمام و دشواری موجود در ارائه راهکارها، و شرایط سخت تایپ به پایان رسد و زمان مورد نیاز شامل حروفچینی دستاوردهای اصلی، و جوابگوی سوالات پیوسته اهل دنیای موجود طراحی اساسا مورد استفاده قرار گیرد.", "register_date": "2023-07-02T06:30:26.272", "is_active": true, "blog": 2, "user": 2, "user_admin": null}}]